"Dinosaur Jr.","Blowin' Up","Blowin' Up","","Jagjaguwar","3:06"
"Sampa the Great","Simon Says","Simon Says","","Loma Vista Recordings","2:02"
"This Is Lorelei","The Kid With the Crown","The Kid With the Crown","","Matador Records","4:15"
"BODEGA","Literary World","All Inside Aquarium","","Chrysalis Records","3:00"
"TV Priest","Just So You Know","Cartoons","","AMK / Kartel Music Group","3:42"
"Sharp Pins","Live Without Her Love","Mod Mayday 23","","K Records","4:09"
"IDLES","Rabbit Run (Interpol Remix)","Rabbit Run (Interpol Remix)","","Partisan Records","3:37"
"Ty Segall","Play Cowboys","Chrome","","Drag City","4:59"
"Adam & The Ants","Kings of the Wild Frontier","Kings of the Wild Frontier (Deluxe Edition)","","Epic","3:56"
"Blancmange","Living On the Ceiling (Extended Version)","Happy Families","","London Records","5:40"
"Viagra Boys","Man Made of Meat","viagr aboys (Japanese Deluxe Edition)","","Shrimptech Enterprises","3:10"
"Orville Peck","Already Gone","Already Gone","","Warner Records","2:50"
"Queens of the Stone Age","Insignificant Other","Insignificant Other","","Matador Records","5:54"
"New Order","Ceremony (2011 Total Version)","TOTAL","","Rhino","4:38"
"Joy Division","She's Lost Control (2019 Digital Master)","Unknown Pleasures (2019 Digital Master)","","Factory","3:58"
"The Cure","A Forest","Seventeen Seconds","","Fiction","5:55"
"Depeche Mode","Stripped","Black Celebration (Deluxe)","","Mute","4:18"
"Sneaker Pimps","The Chauffeur","Meli-Melo","","","6:31"
"Queens Of The Stone Age","In The Fade","Rated R","","Interscope Records","3:51"
"Queens Of The Stone Age","Who'll Be The Next In Line (Non-Lp Version)","Rated R - Deluxe Edition","","Interscope Records","2:30"
"Public Image Ltd.","Ease","Album","","Virgin","8:13"
"Killing Joke","Eighties (2007 Digital Remaster)","Night Time","","Virgin","4:00"
"Honeymoon Killers","Kansas City Milkman","Hung Far Low","","Fist Puppet","3:44"
"Angel Olsen","Shut Up Kiss Me","MY WOMAN","","Jagjaguwar","3:23"
"TV Priest","Love Song (A Good Kind of Weapon)","Cartoons","","AMK / Kartel Music Group","3:53"
"Tricky & Mitch Sanders","Because I Don’t Know","Different When It's Silent","","False Idols","4:34"
"Yard Act","Over The Barrel","You're Gonna Need A Little Music","","Island Records","4:33"
"Royal Blood","Ten Over Ten","Ten Over Ten","","Warner Records","3:18"
"Annabelle Chairlegs","I Feel So Mad","Waking Up Deluxe","","TODO","2:07"
"The Avalanches","Blue Shadows (feat. Karen O)","Blue Shadows","","Modular","2:40"
"Caroline Rose","Chow Mein","Gentling the Horse at the Walt Whitman Mall","","SUCK Records","2:25"
"Sylvan Esso","Concrete Glen","Concrete Glen","","Psychic Hotline","3:30"
"Annabelle Chairlegs","Beef Witted","Waking Up Deluxe","","TODO","3:15"
"Twisted Teens","Hand Me A Cigarette","Florida Water Blues","","Going Underground Records","3:26"
"BODEGA","Weather Me","All Inside Aquarium","","Chrysalis Records","3:23"
"Skinshape","The Blade of a Knife","The Blade of a Knife","","Lewis Recordings","4:14"
"Son Volt","Serenade Song","Serenade Song","","Transmit Sound / Thirty Tigers","4:03"
"Ron Gallo","Peter Thiel","Peter Thiel","","","2:34"
"This Is Lorelei","Oh No Now My","Oh No Now My","","Matador","3:09"
"The Mountain Goats","Charlie Sheen Reaches Out to the Feds","Days","","Cadmean Dawn / Thirty Tigers","3:13"
"Yard Act","New Beginnings","New Beginnings","","Island Records","3:28"
"Esso, Sylvan","Hot Slob","Hot Slob (radio edit)","","Psychic Hotline","2:45"
"Car Seat Headrest","Destroyed By Hippie Powers","Teen of Denial: Joe’s Story","","Matador","5:05"
"Twisted Teens","Peekaboo Hand","Blame The Clown","","Jazz Life / Chain Smoking Records","3:23"
"The Bobby Lees","Got Me Good","New Self","","Epitaph","1:45"
"Caroline Rose","Yip Yip Yow","Yip Yip Yow","","SUCK Records","2:47"