rank,artist,plays
1,Father John Misty,33
2,Iron & Wine,16
3,Echo & The Bunnymen,11
4,Palace,10
5,Beck,9
6,"CZARFACE, Frankie Pulitzer",8
7,"Cocteau Twins, Harold Budd",8
8,LCD Soundsystem,8
9,Orville Peck,6
10,Twisted Teens,6
11,Friko,5
12,Lex Walton,5
13,This Is Lorelei,5
14,Matt Berninger,4
15,Calibro 35,3
16,Uncle Acid & The Deadbeats,3
17,Bonobo,2
18,Car Seat Headrest,2
19,David Bowie,2
20,Davie Jones & The Lower Third,2
21,Jimmy Buffett,2
22,Sharp Pins,2
23,The Tubs,2
24,The Walkmen,2
25,Ty Segall,2
26,Allah-Las,1
27,Bayside,1
28,"Black Pistol Fire, Gary Clark Jr.",1
29,Bleachers,1
30,Bob Dylan,1
31,"Bonobo, Aanya Martin",1
32,"Bonobo, Arooj Aftab",1
33,"Bonobo, Nicole Miglis",1
34,"Bonobo, Nilüfer Yanya",1
35,Boy Harsher,1
36,"CZARFACE, Frankie Pulitzer, Busta Rhymes",1
37,"CZARFACE, Frankie Pulitzer, Method Man",1
38,Caroline Rose,1
39,Cocteau Twins,1
40,Cola,1
41,David Byrne,1
42,Die Spitz,1
43,Echo And The Bunnymen,1
44,Fujiya & Miyagi,1
45,"Hamilton Leithauser, Rostam",1
46,"IDLES, LCD Soundsystem",1
47,Jarvis Cocker,1
48,Joy Division,1
49,Kevin Morby,1
50,Kiwi jr.,1
