rank,artist,title,album,label,duration,plays
1,Allah-Las,Sandy,Allah-Las,,2:45,1
2,Bayside,Saddest Song,Premium Selections,,2:51,1
3,Beck,Bleed,Ride Lonesome,,3:18,1
4,Beck,Falling Through My Hands,Ride Lonesome,,4:34,1
5,Beck,For Your Love,Ride Lonesome,,3:25,1
6,Beck,Got No Mind,Beercan,,4:23,1
7,Beck,If You Don't Know What Love Is,Ride Lonesome,,5:46,1
8,Beck,In The Night,Ride Lonesome,,2:59,1
9,Beck,It Ends Right Here,Ride Lonesome,,2:57,1
10,Beck,Ride Lonesome,Ride Lonesome,,4:28,1
11,Beck,Slow Canyon,Ride Lonesome,,4:23,1
12,"Black Pistol Fire, Gary Clark Jr.",Rock Bottom,Rock Bottom,,3:19,1
13,Bleachers,Caught Myself Believing,Caught Myself Believing,,3:01,1
14,Bob Dylan,"Going, Going, Gone (Live at Tarrant County Convention Center Arena, Fort Worth, TX - May 16, 1976)","Going, Going, Gone (Live at Tarrant County Convention Center Arena, Fort Worth, TX - May 16, 1976)",,5:50,1
15,Bonobo,Dawn,Distance in Static,,1:14,1
16,Bonobo,Shokoufeh,Distance in Static,,3:28,1
17,"Bonobo, Aanya Martin",Can’t You See,Distance in Static,,3:46,1
18,"Bonobo, Arooj Aftab",Fire on the Water,Distance in Static,,3:04,1
19,"Bonobo, Nicole Miglis",Talk to Me,Distance in Static,,3:43,1
20,"Bonobo, Nilüfer Yanya",Youth’s Fountain,Distance in Static,,3:59,1
21,Boy Harsher,Ronny,GET MEAN,,4:07,1
22,"CZARFACE, Frankie Pulitzer",All it Takes is One Bad Day,Czarface Meets Frankie Pulitzer,,2:33,1
23,"CZARFACE, Frankie Pulitzer",Brothers Grimm,Czarface Meets Frankie Pulitzer,,3:09,1
24,"CZARFACE, Frankie Pulitzer",Dr. Yorgo in the Land of Acid 7.0,Czarface Meets Frankie Pulitzer,,3:46,1
25,"CZARFACE, Frankie Pulitzer",Gnawing At My Rhyme Like A Poisonous Rat,Czarface Meets Frankie Pulitzer,,3:01,1
26,"CZARFACE, Frankie Pulitzer",Grim-Visaged War,Czarface Meets Frankie Pulitzer,,3:18,1
27,"CZARFACE, Frankie Pulitzer",Omega Beam,Czarface Meets Frankie Pulitzer,,3:10,1
28,"CZARFACE, Frankie Pulitzer",That's Law,Czarface Meets Frankie Pulitzer,,3:11,1
29,"CZARFACE, Frankie Pulitzer",Triple Helix,Czarface Meets Frankie Pulitzer,,3:02,1
30,"CZARFACE, Frankie Pulitzer, Busta Rhymes",Raw Forever,Czarface Meets Frankie Pulitzer,,4:02,1
31,"CZARFACE, Frankie Pulitzer, Method Man",Mad Technology,Czarface Meets Frankie Pulitzer,,3:44,1
32,Calibro 35,L.A. Confidential,Vacation and Probation,,4:36,1
33,Calibro 35,Riots,Vacation and Probation,,2:38,1
34,Calibro 35,Vacation and Probation,Vacation and Probation,,2:35,1
35,Car Seat Headrest,Destroyed By Hippie Powers,Teens Of Denial,,5:04,1
36,Car Seat Headrest,Drunk Drivers/Killer Whales,Teens Of Denial,,6:15,1
37,Caroline Rose,"Hello Again, Jim",Calm,,3:27,1
38,Cocteau Twins,Ivo,Treasure,,3:54,1
39,"Cocteau Twins, Harold Budd",Bloody And Blunt (2024 Remaster),The Moon and the Melodies (2024 Remaster),,2:12,1
40,"Cocteau Twins, Harold Budd",Eyes Are Mosaics (2024 Remaster),The Moon and the Melodies (2024 Remaster),,4:11,1
41,"Cocteau Twins, Harold Budd",Memory Gongs (2024 Remaster),The Moon and the Melodies (2024 Remaster),,7:28,1
42,"Cocteau Twins, Harold Budd","Ooze Out And Away, Onehow (2024 Remaster)",The Moon and the Melodies (2024 Remaster),,3:40,1
43,"Cocteau Twins, Harold Budd","Sea, Swallow Me (2024 Remaster)",The Moon and the Melodies (2024 Remaster),,3:10,1
44,"Cocteau Twins, Harold Budd",She Will Destroy You (2024 Remaster),The Moon and the Melodies (2024 Remaster),,4:15,1
45,"Cocteau Twins, Harold Budd",The Ghost Has No Home (2024 Remaster),The Moon and the Melodies (2024 Remaster),,7:34,1
46,"Cocteau Twins, Harold Budd",Why Do You Love Me? (2024 Remaster),The Moon and the Melodies (2024 Remaster),,4:52,1
47,Cola,Forced Position,Cost Of Living Adjustment,,3:32,1
48,David Bowie,(You Will) Set The World On Fire,The Next Day,,3:33,1
49,David Bowie,It's No Game (Pt. 2),Scary Monsters (And Super Creeps),,4:27,1
50,David Byrne,My Madness (feat. Ghost Train Orchestra),Who Is The Sky? (Digital Deluxe Edition),,3:34,1
51,Davie Jones & The Lower Third,I Want Your Love,The Shel Talmy Recordings,,2:36,1
52,Davie Jones & The Lower Third,You've Got a Habit of Leaving (2026 Remaster),The Shel Talmy Recordings,,2:35,1
53,Die Spitz,Go Get Dressed,Something To Consume,,2:32,1
54,Echo & The Bunnymen,An Unstoppable Force,Apples For Isaac,,3:14,1
55,Echo & The Bunnymen,Asimov,Apples For Isaac,,3:11,1
56,Echo & The Bunnymen,Brussels Is Haunted,Apples For Isaac,,3:23,1
57,Echo & The Bunnymen,Can't Be Sold,Apples For Isaac,,3:09,1
58,Echo & The Bunnymen,Hijacked,Apples For Isaac,,3:26,1
59,Echo & The Bunnymen,I'll Be Your Sunshine,Apples For Isaac,,3:34,1
60,Echo & The Bunnymen,Lab Rats Ran,Apples For Isaac,,3:16,1
61,Echo & The Bunnymen,Take Me By The Hand,Apples For Isaac,,3:34,1
62,Echo & The Bunnymen,The Honey,Apples For Isaac,,3:51,1
63,Echo & The Bunnymen,The Light That Surrounds You,Apples For Isaac,,3:40,1
64,Echo & The Bunnymen,We Prayed In the Dark,Apples For Isaac,,3:14,1
65,Echo And The Bunnymen,Crystal Days,Ocean Rain,,2:25,1
66,Father John Misty,A Bigger Paper Bag,Pure Comedy,,4:42,1
67,Father John Misty,Ballad of the Dying Man,Pure Comedy,,4:51,1
68,Father John Misty,Birdie,Pure Comedy,,5:20,1
69,Father John Misty,Buddy's Rendezvous,Chloë and the Next 20th Century,,5:00,1
70,Father John Misty,Chateau Lobby #4 (in C for Two Virgins),"I Love You, Honeybear",,2:52,1
71,Father John Misty,Date Night,God's Favorite Customer,,2:31,1
72,Father John Misty,Disappointing Diamonds Are the Rarest of Them All,God's Favorite Customer,,2:24,1
73,Father John Misty,Hangout at the Gallows,God's Favorite Customer,,4:56,1
74,Father John Misty,Holy Shit,"I Love You, Honeybear",,4:02,1
75,Father John Misty,In Twenty Years or So,Pure Comedy,,6:28,1
76,Father John Misty,Just Dumb Enough to Try,God's Favorite Customer,,4:03,1
77,Father John Misty,Leaving LA,Pure Comedy,,13:12,1
78,Father John Misty,Mental Health,Mahashmashana,,6:29,1
79,Father John Misty,Nothing Good Ever Happens At The Goddamn Thirsty Crow,"I Love You, Honeybear",,4:35,1
80,Father John Misty,Only Son of the Ladiesman,Fear Fun,,4:10,1
81,Father John Misty,Please Don't Die,God's Favorite Customer,,3:25,1
82,Father John Misty,Pure Comedy,Pure Comedy,,6:24,1
83,Father John Misty,Screamland,Mahashmashana,,6:52,1
84,Father John Misty,Smoochie,Pure Comedy,,3:46,1
85,Father John Misty,So I'm Growing Old on Magic Mountain,Pure Comedy,,9:59,1
86,Father John Misty,Strange Encounter,"I Love You, Honeybear",,4:20,1
87,Father John Misty,The Ideal Husband,"I Love You, Honeybear",,3:36,1
88,Father John Misty,The Memo,Pure Comedy,,5:17,1
89,Father John Misty,The Night Josh Tillman Came To Our Apt.,"I Love You, Honeybear",,3:37,1
90,Father John Misty,The Old Law,The Old Law,,4:42,1
91,Father John Misty,The Payoff,The Payoff,,5:52,1
92,Father John Misty,Things It Would Have Been Helpful to Know Before the Revolution,Pure Comedy,,4:19,1
93,Father John Misty,Total Entertainment Forever,Pure Comedy,,2:54,1
94,Father John Misty,True Affection,"I Love You, Honeybear",,3:57,1
95,Father John Misty,Two Wildly Different Perspectives,Pure Comedy,,3:13,1
96,Father John Misty,"Well, You Can Do It Without Me",Fear Fun,,2:44,1
97,Father John Misty,When You're Smiling And Astride Me,"I Love You, Honeybear",,4:34,1
98,Father John Misty,When the God of Love Returns There'll Be Hell to Pay,Pure Comedy,,4:05,1
99,Friko,Look At Ya Now,Something Worth Waiting For (Expanded Edition),,3:38,1
100,Friko,Rock Song,Something Worth Waiting For (Expanded Edition),,2:31,1
