date,time,show_name,dj_name,artist,title,album,label,duration
Today,,YouTube Music history,@staceymaples,Palace,Ox,Ox,,5:21
Today,,YouTube Music history,@staceymaples,Palace,Made My Bed,Ox,,4:01
Today,,YouTube Music history,@staceymaples,Palace,Brown Bread,Ox,,6:26
Today,,YouTube Music history,@staceymaples,Palace,Kicking Up Shadows,Ox,,3:56
Today,,YouTube Music history,@staceymaples,Palace,I've Been Laughing,Ox,,3:52
Today,,YouTube Music history,@staceymaples,Palace,Lucky Boy,Ox,,3:20
Today,,YouTube Music history,@staceymaples,Palace,Denny's,Ox,,4:50
Today,,YouTube Music history,@staceymaples,Palace,Ohio,Ox,,3:42
Today,,YouTube Music history,@staceymaples,Palace,Kid,Ox,,4:22
Today,,YouTube Music history,@staceymaples,Palace,Dream On,Ox,,4:23
Today,,YouTube Music history,@staceymaples,Matt Berninger,Blue Monday,Type It Up,,4:40
Today,,YouTube Music history,@staceymaples,Matt Berninger,Ask For Water,Type It Up,,5:15
Today,,YouTube Music history,@staceymaples,Matt Berninger,Type It Up,Type It Up,,4:41
Today,,YouTube Music history,@staceymaples,Kevin Morby,PBJ,PBJ,,3:24
Today,,YouTube Music history,@staceymaples,Iron & Wine,Say What,Hen's Teeth (Deluxe Edition),,3:15
Today,,YouTube Music history,@staceymaples,Iron & Wine,Pilgrim's Highway,Hen's Teeth (Deluxe Edition),,3:34
Today,,YouTube Music history,@staceymaples,Iron & Wine,California Sober,Hen's Teeth (Deluxe Edition),,3:21
Today,,YouTube Music history,@staceymaples,Iron & Wine,Three Strangers,Hen's Teeth (Deluxe Edition),,3:50
Today,,YouTube Music history,@staceymaples,Iron & Wine,Grace Notes (Acoustic),Hen's Teeth (Deluxe Edition),,4:48
Today,,YouTube Music history,@staceymaples,Iron & Wine,In Your Ocean (Acoustic),Hen's Teeth (Deluxe Edition),,3:31
Today,,YouTube Music history,@staceymaples,Iron & Wine,Half Measures,Hen's Teeth (Deluxe Edition),,3:17
Today,,YouTube Music history,@staceymaples,Iron & Wine,Dates and Dead People,Hen's Teeth (Deluxe Edition),,6:01
Today,,YouTube Music history,@staceymaples,Iron & Wine,Grace Notes,Hen's Teeth (Deluxe Edition),,5:10
Today,,YouTube Music history,@staceymaples,Iron & Wine,Wait Up (feat. I'm With Her),Hen's Teeth (Deluxe Edition),,3:46
Today,,YouTube Music history,@staceymaples,Iron & Wine,"Defiance, Ohio",Hen's Teeth (Deluxe Edition),,3:40
Today,,YouTube Music history,@staceymaples,Iron & Wine,In Your Ocean,Hen's Teeth (Deluxe Edition),,3:23
Today,,YouTube Music history,@staceymaples,Iron & Wine,Singing Saw,Hen's Teeth (Deluxe Edition),,3:18
Today,,YouTube Music history,@staceymaples,Iron & Wine,Robin's Egg (feat. I'm With Her),Hen's Teeth (Deluxe Edition),,3:05
Today,,YouTube Music history,@staceymaples,Iron & Wine,Paper and Stone,Hen's Teeth (Deluxe Edition),,3:36
Today,,YouTube Music history,@staceymaples,Iron & Wine,Roses,Hen's Teeth (Deluxe Edition),,4:14
Today,,YouTube Music history,@staceymaples,Calibro 35,Riots,Vacation and Probation,,2:38
Today,,YouTube Music history,@staceymaples,Calibro 35,L.A. Confidential,Vacation and Probation,,4:36
Today,,YouTube Music history,@staceymaples,Calibro 35,Vacation and Probation,Vacation and Probation,,2:35
Today,,YouTube Music history,@staceymaples,Matt Berninger,Martini Me Fatso,Type It Up,,4:28
Today,,YouTube Music history,@staceymaples,Bayside,Saddest Song,Premium Selections,,2:51
Today,,YouTube Music history,@staceymaples,Twisted Teens,Florida Water Blues,Florida Water Blues,,3:45
Today,,YouTube Music history,@staceymaples,Twisted Teens,When We First Met,When We First Met,,1:53
Today,,YouTube Music history,@staceymaples,Twisted Teens,When We First Met,The Holy Cross Tigers,,1:53
Today,,YouTube Music history,@staceymaples,Uncle Acid & The Deadbeats,When Evil Wakes,Shapes Of Midnight,,6:36
Today,,YouTube Music history,@staceymaples,Uncle Acid & The Deadbeats,Shapes Of Midnight,Shapes Of Midnight,,5:15
Today,,YouTube Music history,@staceymaples,Uncle Acid & The Deadbeats,House By The Grave,Shapes Of Midnight,,6:50
Today,,YouTube Music history,@staceymaples,Leon Bridges,Watch You Dance,Watch You Dance,,2:28
Today,,YouTube Music history,@staceymaples,The Walkmen,We've Been Had,Everyone Who Pretended to Like Me Is Gone,,3:30
Today,,YouTube Music history,@staceymaples,The Walkmen,The Rat,Bows + Arrows,,4:23
Today,,YouTube Music history,@staceymaples,"Hamilton Leithauser, Rostam",In A Black Out (Piano Version),In A Black Out (Piano Version),,3:37
Today,,YouTube Music history,@staceymaples,Boy Harsher,Ronny,GET MEAN,,4:07
Today,,YouTube Music history,@staceymaples,This Is Lorelei,Where's Your Love Now,"Box for Buddy, Box for Star",,6:11
Today,,YouTube Music history,@staceymaples,Father John Misty,When You're Smiling And Astride Me,"I Love You, Honeybear",,4:34
Yesterday,,YouTube Music history,@staceymaples,"CZARFACE, Frankie Pulitzer",Omega Beam,Czarface Meets Frankie Pulitzer,,3:10
Yesterday,,YouTube Music history,@staceymaples,"CZARFACE, Frankie Pulitzer",Gnawing At My Rhyme Like A Poisonous Rat,Czarface Meets Frankie Pulitzer,,3:01
Yesterday,,YouTube Music history,@staceymaples,"CZARFACE, Frankie Pulitzer, Method Man",Mad Technology,Czarface Meets Frankie Pulitzer,,3:44
Yesterday,,YouTube Music history,@staceymaples,"CZARFACE, Frankie Pulitzer",Dr. Yorgo in the Land of Acid 7.0,Czarface Meets Frankie Pulitzer,,3:46
Yesterday,,YouTube Music history,@staceymaples,"CZARFACE, Frankie Pulitzer",Grim-Visaged War,Czarface Meets Frankie Pulitzer,,3:18
Yesterday,,YouTube Music history,@staceymaples,"CZARFACE, Frankie Pulitzer",Triple Helix,Czarface Meets Frankie Pulitzer,,3:02
Yesterday,,YouTube Music history,@staceymaples,"CZARFACE, Frankie Pulitzer, Busta Rhymes",Raw Forever,Czarface Meets Frankie Pulitzer,,4:02
Yesterday,,YouTube Music history,@staceymaples,"CZARFACE, Frankie Pulitzer",That's Law,Czarface Meets Frankie Pulitzer,,3:11
Yesterday,,YouTube Music history,@staceymaples,"CZARFACE, Frankie Pulitzer",All it Takes is One Bad Day,Czarface Meets Frankie Pulitzer,,2:33
Yesterday,,YouTube Music history,@staceymaples,"CZARFACE, Frankie Pulitzer",Brothers Grimm,Czarface Meets Frankie Pulitzer,,3:09
Yesterday,,YouTube Music history,@staceymaples,Friko,Something Worth Waiting For (Demo),Something Worth Waiting For (Expanded Edition),,4:10
Yesterday,,YouTube Music history,@staceymaples,Beck,In The Night,Ride Lonesome,,2:59
Yesterday,,YouTube Music history,@staceymaples,"Bonobo, Nicole Miglis",Talk to Me,Distance in Static,,3:43
Yesterday,,YouTube Music history,@staceymaples,Orville Peck,Ring The Bell,Mule,,2:22
Yesterday,,YouTube Music history,@staceymaples,"Bonobo, Nilüfer Yanya",Youth’s Fountain,Distance in Static,,3:59
Yesterday,,YouTube Music history,@staceymaples,Beck,Bleed,Ride Lonesome,,3:18
Yesterday,,YouTube Music history,@staceymaples,Beck,Falling Through My Hands,Ride Lonesome,,4:34
Yesterday,,YouTube Music history,@staceymaples,Beck,It Ends Right Here,Ride Lonesome,,2:57
Yesterday,,YouTube Music history,@staceymaples,Beck,If You Don't Know What Love Is,Ride Lonesome,,5:46
Yesterday,,YouTube Music history,@staceymaples,Bonobo,Shokoufeh,Distance in Static,,3:28
Yesterday,,YouTube Music history,@staceymaples,Beck,For Your Love,Ride Lonesome,,3:25
Yesterday,,YouTube Music history,@staceymaples,"Bonobo, Arooj Aftab",Fire on the Water,Distance in Static,,3:04
Yesterday,,YouTube Music history,@staceymaples,Orville Peck,Big Ol' House,Mule,,2:23
Yesterday,,YouTube Music history,@staceymaples,Orville Peck,Already Gone,Mule,,2:50
Yesterday,,YouTube Music history,@staceymaples,Bonobo,Dawn,Distance in Static,,1:14
Yesterday,,YouTube Music history,@staceymaples,Friko,Look At Ya Now,Something Worth Waiting For (Expanded Edition),,3:38
Yesterday,,YouTube Music history,@staceymaples,Orville Peck,Rehab Blues,Mule,,2:54
Yesterday,,YouTube Music history,@staceymaples,Orville Peck,Run Out Of Road,Mule,,3:00
Yesterday,,YouTube Music history,@staceymaples,Friko,Seven Degrees,Something Worth Waiting For (Expanded Edition),,4:16
Yesterday,,YouTube Music history,@staceymaples,Friko,Seven Degrees (Demo),Something Worth Waiting For (Expanded Edition),,4:19
Yesterday,,YouTube Music history,@staceymaples,Orville Peck,The Fall,Mule,,4:00
Yesterday,,YouTube Music history,@staceymaples,"Bonobo, Aanya Martin",Can’t You See,Distance in Static,,3:46
Yesterday,,YouTube Music history,@staceymaples,Beck,Ride Lonesome,Ride Lonesome,,4:28
Yesterday,,YouTube Music history,@staceymaples,Beck,Slow Canyon,Ride Lonesome,,4:23
Yesterday,,YouTube Music history,@staceymaples,Friko,Rock Song,Something Worth Waiting For (Expanded Edition),,2:31
Yesterday,,YouTube Music history,@staceymaples,Bob Dylan,"Going, Going, Gone (Live at Tarrant County Convention Center Arena, Fort Worth, TX - May 16, 1976)","Going, Going, Gone (Live at Tarrant County Convention Center Arena, Fort Worth, TX - May 16, 1976)",,5:50
Yesterday,,YouTube Music history,@staceymaples,Bleachers,Caught Myself Believing,Caught Myself Believing,,3:01
Yesterday,,YouTube Music history,@staceymaples,This Is Lorelei,Oh No Now My,The Singer in My Band,,3:09
Yesterday,,YouTube Music history,@staceymaples,Tom Petty And The Heartbreakers,Parade Of Loons,Parade Of Loons,,3:04
Yesterday,,YouTube Music history,@staceymaples,Father John Misty,In Twenty Years or So,Pure Comedy,,6:28
Yesterday,,YouTube Music history,@staceymaples,Father John Misty,So I'm Growing Old on Magic Mountain,Pure Comedy,,9:59
Yesterday,,YouTube Music history,@staceymaples,Father John Misty,The Memo,Pure Comedy,,5:17
Yesterday,,YouTube Music history,@staceymaples,Father John Misty,Two Wildly Different Perspectives,Pure Comedy,,3:13
Yesterday,,YouTube Music history,@staceymaples,Father John Misty,Smoochie,Pure Comedy,,3:46
Yesterday,,YouTube Music history,@staceymaples,Father John Misty,When the God of Love Returns There'll Be Hell to Pay,Pure Comedy,,4:05
Yesterday,,YouTube Music history,@staceymaples,Father John Misty,A Bigger Paper Bag,Pure Comedy,,4:42
Yesterday,,YouTube Music history,@staceymaples,Father John Misty,Leaving LA,Pure Comedy,,13:12
Yesterday,,YouTube Music history,@staceymaples,Father John Misty,Birdie,Pure Comedy,,5:20
Yesterday,,YouTube Music history,@staceymaples,Father John Misty,Ballad of the Dying Man,Pure Comedy,,4:51
Yesterday,,YouTube Music history,@staceymaples,Father John Misty,Things It Would Have Been Helpful to Know Before the Revolution,Pure Comedy,,4:19
Yesterday,,YouTube Music history,@staceymaples,Father John Misty,Total Entertainment Forever,Pure Comedy,,2:54
Yesterday,,YouTube Music history,@staceymaples,Father John Misty,Pure Comedy,Pure Comedy,,6:24
This week,,YouTube Music history,@staceymaples,"Cocteau Twins, Harold Budd","Ooze Out And Away, Onehow (2024 Remaster)",The Moon and the Melodies (2024 Remaster),,3:40
This week,,YouTube Music history,@staceymaples,"Cocteau Twins, Harold Budd",Bloody And Blunt (2024 Remaster),The Moon and the Melodies (2024 Remaster),,2:12
This week,,YouTube Music history,@staceymaples,"Cocteau Twins, Harold Budd",The Ghost Has No Home (2024 Remaster),The Moon and the Melodies (2024 Remaster),,7:34
This week,,YouTube Music history,@staceymaples,"Cocteau Twins, Harold Budd",She Will Destroy You (2024 Remaster),The Moon and the Melodies (2024 Remaster),,4:15
This week,,YouTube Music history,@staceymaples,"Cocteau Twins, Harold Budd",Eyes Are Mosaics (2024 Remaster),The Moon and the Melodies (2024 Remaster),,4:11
This week,,YouTube Music history,@staceymaples,"Cocteau Twins, Harold Budd",Why Do You Love Me? (2024 Remaster),The Moon and the Melodies (2024 Remaster),,4:52
This week,,YouTube Music history,@staceymaples,"Cocteau Twins, Harold Budd",Memory Gongs (2024 Remaster),The Moon and the Melodies (2024 Remaster),,7:28
This week,,YouTube Music history,@staceymaples,"Cocteau Twins, Harold Budd","Sea, Swallow Me (2024 Remaster)",The Moon and the Melodies (2024 Remaster),,3:10
This week,,YouTube Music history,@staceymaples,"Personal Power - Sleep Serenity & Meditation, 17M views",Peaceful Night 💜 Soothing Deep Sleep Music ★ Calming Meditation Healing 528Hz,,,8:00:50
This week,,YouTube Music history,@staceymaples,Jarvis Cocker,Don't Let Him Waste Your Time,Jarvis (2020 Complete Edition),,4:10
This week,,YouTube Music history,@staceymaples,Caroline Rose,"Hello Again, Jim",Calm,,3:27
This week,,YouTube Music history,@staceymaples,Allah-Las,Sandy,Allah-Las,,2:45
This week,,YouTube Music history,@staceymaples,Fujiya & Miyagi,Point 33 Recurring,Point 33 Recurring,,2:45
This week,,YouTube Music history,@staceymaples,David Byrne,My Madness (feat. Ghost Train Orchestra),Who Is The Sky? (Digital Deluxe Edition),,3:34
This week,,YouTube Music history,@staceymaples,"Neil Young, Neil Young & The Chrome Hearts",The Foggy Edge of Time,Second Song,,4:07
This week,,YouTube Music history,@staceymaples,Wild Pink,"Relaxing, Special Interests",Still Coming Down,,3:23
This week,,YouTube Music history,@staceymaples,Beck,Got No Mind,Beercan,,4:23
This week,,YouTube Music history,@staceymaples,The Cure,Seventeen Seconds,Seventeen Seconds,,4:01
This week,,YouTube Music history,@staceymaples,Sebadoh,Not Too Amused,Bakesale: Deluxe Edition,,4:16
This week,,YouTube Music history,@staceymaples,Cola,Forced Position,Cost Of Living Adjustment,,3:32
This week,,YouTube Music history,@staceymaples,Kiwi jr.,Photos Of The Reenactment,Photos of the Reenactment,,3:04
This week,,YouTube Music history,@staceymaples,Die Spitz,Go Get Dressed,Something To Consume,,2:32
This week,,YouTube Music history,@staceymaples,Thee Oh Sees,GLASS WINDOW,ABOMINATION REVEALED AT LAST,,2:54
This week,,YouTube Music history,@staceymaples,Twisted Teens,Twisted Teen,Twisted Teens,,2:56
This week,,YouTube Music history,@staceymaples,New Order,Ceremony (Version 1),Ceremony,,4:40
This week,,YouTube Music history,@staceymaples,Lex Walton,Yr Op-Ed Won’t Get You Into Heaven Anymore,ULTIMATE LOVE FOREVER,,2:52
This week,,YouTube Music history,@staceymaples,This Is Lorelei,Billy Came Back,Billy Came Back,,3:10
This week,,YouTube Music history,@staceymaples,Morrissey,Jack the Ripper,This Is Morrissey,,3:25
This week,,YouTube Music history,@staceymaples,Joy Division,Shadowplay (2007 Remaster),Unknown Pleasures (Collector's Edition),,3:54
This week,,YouTube Music history,@staceymaples,Sharp Pins,Popafangout,Balloon Balloon Balloon,,2:57
This week,,YouTube Music history,@staceymaples,Ty Segall,My Lady's On Fire,Freedom's Goblin,,3:53
This week,,YouTube Music history,@staceymaples,Echo And The Bunnymen,Crystal Days,Ocean Rain,,2:25
This week,,YouTube Music history,@staceymaples,Echo & The Bunnymen,We Prayed In the Dark,Apples For Isaac,,3:14
This week,,YouTube Music history,@staceymaples,Echo & The Bunnymen,Asimov,Apples For Isaac,,3:11
This week,,YouTube Music history,@staceymaples,Echo & The Bunnymen,Lab Rats Ran,Apples For Isaac,,3:16
This week,,YouTube Music history,@staceymaples,Echo & The Bunnymen,The Light That Surrounds You,Apples For Isaac,,3:40
This week,,YouTube Music history,@staceymaples,Echo & The Bunnymen,An Unstoppable Force,Apples For Isaac,,3:14
This week,,YouTube Music history,@staceymaples,Echo & The Bunnymen,The Honey,Apples For Isaac,,3:51
This week,,YouTube Music history,@staceymaples,Echo & The Bunnymen,Hijacked,Apples For Isaac,,3:26
This week,,YouTube Music history,@staceymaples,Echo & The Bunnymen,I'll Be Your Sunshine,Apples For Isaac,,3:34
This week,,YouTube Music history,@staceymaples,Echo & The Bunnymen,Brussels Is Haunted,Apples For Isaac,,3:23
This week,,YouTube Music history,@staceymaples,Echo & The Bunnymen,Can't Be Sold,Apples For Isaac,,3:09
This week,,YouTube Music history,@staceymaples,Echo & The Bunnymen,Take Me By The Hand,Apples For Isaac,,3:34
Last week,,YouTube Music history,@staceymaples,Father John Misty,Nothing Good Ever Happens At The Goddamn Thirsty Crow,"I Love You, Honeybear",,4:35
Last week,,YouTube Music history,@staceymaples,Father John Misty,Only Son of the Ladiesman,Fear Fun,,4:10
Last week,,YouTube Music history,@staceymaples,Father John Misty,The Ideal Husband,"I Love You, Honeybear",,3:36
Last week,,YouTube Music history,@staceymaples,Father John Misty,True Affection,"I Love You, Honeybear",,3:57
Last week,,YouTube Music history,@staceymaples,Father John Misty,Strange Encounter,"I Love You, Honeybear",,4:20
Last week,,YouTube Music history,@staceymaples,Father John Misty,Just Dumb Enough to Try,God's Favorite Customer,,4:03
Last week,,YouTube Music history,@staceymaples,Father John Misty,Disappointing Diamonds Are the Rarest of Them All,God's Favorite Customer,,2:24
Last week,,YouTube Music history,@staceymaples,Father John Misty,Hangout at the Gallows,God's Favorite Customer,,4:56
Last week,,YouTube Music history,@staceymaples,Father John Misty,Please Don't Die,God's Favorite Customer,,3:25
Last week,,YouTube Music history,@staceymaples,Father John Misty,Date Night,God's Favorite Customer,,2:31
Last week,,YouTube Music history,@staceymaples,Father John Misty,Screamland,Mahashmashana,,6:52
Last week,,YouTube Music history,@staceymaples,Father John Misty,Holy Shit,"I Love You, Honeybear",,4:02
Last week,,YouTube Music history,@staceymaples,Father John Misty,Mental Health,Mahashmashana,,6:29
Last week,,YouTube Music history,@staceymaples,Father John Misty,Buddy's Rendezvous,Chloë and the Next 20th Century,,5:00
Last week,,YouTube Music history,@staceymaples,Father John Misty,The Night Josh Tillman Came To Our Apt.,"I Love You, Honeybear",,3:37
Last week,,YouTube Music history,@staceymaples,Father John Misty,The Payoff,The Payoff,,5:52
Last week,,YouTube Music history,@staceymaples,Father John Misty,"Well, You Can Do It Without Me",Fear Fun,,2:44
Last week,,YouTube Music history,@staceymaples,Father John Misty,The Old Law,The Old Law,,4:42
Last week,,YouTube Music history,@staceymaples,Father John Misty,Chateau Lobby #4 (in C for Two Virgins),"I Love You, Honeybear",,2:52
Last week,,YouTube Music history,@staceymaples,Jimmy Buffett,Come Monday,Living And Dying In 3 / 4 Time,,3:12
Last week,,YouTube Music history,@staceymaples,Jimmy Buffett,Livingston's Gone To Texas,Living And Dying In 3 / 4 Time,,3:32
Last week,,YouTube Music history,@staceymaples,Lex Walton,Ultimate Love 4Ever,ULTIMATE LOVE FOREVER,,3:06
Last week,,YouTube Music history,@staceymaples,Waxahatchee,Right Back to It (feat. MJ Lenderman),Tigers Blood,,4:34
Last week,,YouTube Music history,@staceymaples,This Is Lorelei,Hey Sarah Is It Gonna Rain Forever,The Singer in My Band,,3:28
Last week,,YouTube Music history,@staceymaples,Lambchop,Just West of Nicollet,Punching the Clown,,5:38
Last week,,YouTube Music history,@staceymaples,Soccer Mommy,Rings Of Saturn,Rings Of Saturn,,3:00
Last week,,YouTube Music history,@staceymaples,"Black Pistol Fire, Gary Clark Jr.",Rock Bottom,Rock Bottom,,3:19
Last week,,YouTube Music history,@staceymaples,Lex Walton,Adrian Borland Will Have His Revenge On London,ULTIMATE LOVE FOREVER,,3:08
Last week,,YouTube Music history,@staceymaples,Lex Walton,Hipster Runoff,ULTIMATE LOVE FOREVER,,2:17
Last week,,YouTube Music history,@staceymaples,Lex Walton,For Thee I Sing,ULTIMATE LOVE FOREVER,,2:01
Last week,,YouTube Music history,@staceymaples,The Tubs,Stoop to Me,Stoop to Me,,3:48
Last week,,YouTube Music history,@staceymaples,The Tubs,Who's Gonna Love You Now?,Who's Gonna Love You Now?,,2:56
Last week,,YouTube Music history,@staceymaples,"This Is Lorelei, MJ Lenderman",Dancing in the Club (MJ Lenderman Version),Dancing in the Club (MJ Lenderman Version),,4:59
Last week,,YouTube Music history,@staceymaples,LCD Soundsystem,Someone Great,Sound of Silver,,6:31
Last week,,YouTube Music history,@staceymaples,LCD Soundsystem,Home,This Is Happening,,7:54
Last week,,YouTube Music history,@staceymaples,LCD Soundsystem,Daft Punk Is Playing at My House,LCD Soundsystem,,5:15
Last week,,YouTube Music history,@staceymaples,LCD Soundsystem,All My Friends,Sound of Silver,,7:43
Last week,,YouTube Music history,@staceymaples,LCD Soundsystem,I Can Change,This Is Happening,,5:53
Last week,,YouTube Music history,@staceymaples,LCD Soundsystem,oh baby,american dream,,5:50
Last week,,YouTube Music history,@staceymaples,LCD Soundsystem,"New York, I Love You but You're Bringing Me Down",Sound of Silver,,5:36
Last week,,YouTube Music history,@staceymaples,"IDLES, LCD Soundsystem",Dancer,TANGK,,3:10
Last week,,YouTube Music history,@staceymaples,LCD Soundsystem,Dance Yrself Clean,This Is Happening,,8:57
Last week,,YouTube Music history,@staceymaples,Twisted Teens,Who Could It Be?,Blame The Clown,,2:41
Last week,,YouTube Music history,@staceymaples,Sharp Pins,Days of Change,Mod Mayday 23,,4:19
Last week,,YouTube Music history,@staceymaples,Twisted Teens,Wild Connection,Blame The Clown,,2:49
Last week,,YouTube Music history,@staceymaples,Car Seat Headrest,Drunk Drivers/Killer Whales,Teens Of Denial,,6:15
Last week,,YouTube Music history,@staceymaples,Stereolab,Miss Modular,Dots And Loops,,4:30
Last week,,YouTube Music history,@staceymaples,Ty Segall,Girlfriend,Melted,,2:13
Last week,,YouTube Music history,@staceymaples,Cocteau Twins,Ivo,Treasure,,3:54
Last week,,YouTube Music history,@staceymaples,Sluice,Beadie,Beadie,,4:01
Last week,,YouTube Music history,@staceymaples,Car Seat Headrest,Destroyed By Hippie Powers,Teens Of Denial,,5:04
Last week,,YouTube Music history,@staceymaples,Suki Waterhouse,Back in Love,Back in Love,,3:15
Last week,,YouTube Music history,@staceymaples,This Is Lorelei,Oh No Now My,Oh No Now My,,3:09
Last week,,YouTube Music history,@staceymaples,David Bowie,It's No Game (Pt. 2),Scary Monsters (And Super Creeps),,4:27
Last week,,YouTube Music history,@staceymaples,David Bowie,(You Will) Set The World On Fire,The Next Day,,3:33
Last week,,YouTube Music history,@staceymaples,Davie Jones & The Lower Third,I Want Your Love,The Shel Talmy Recordings,,2:36
Last week,,YouTube Music history,@staceymaples,Davie Jones & The Lower Third,You've Got a Habit of Leaving (2026 Remaster),The Shel Talmy Recordings,,2:35
