"Radio Free Alice","Lunch Money","Lunch Money","","Atlantic Records",""

"R.M.F.C.","Mirror","Hive, Vol. 2","","",""
"R.M.F.C.","The Clue","Hive, Vol. 2","","",""
"Star Moles","The End","Highway to Hell","","Historic New Jersey Recordings",""
"feeble little horse","Doorway","bitknot","","Saddle Creek Records",""
"Twin Peaks","Walk to the One You Love","Down in Heaven","","Grand Jury Music",""
"Allah-Las","Sandy","Allah-Las","","Innovative Leisure",""
"Dead Meadow","Everything's Goin On","Shivering King and the Others","706193","Matador Records",""
"Goat","I Sing in Silence","Requiem","1102420","Sub Pop Records",""

"Nilüfer Yanya","midnight sun","PAINLESS","","Ato Records",""
"Perfume Genius","Queen","Too Bright","1063022","Matador Records",""
"Beth Orton","Waiting","Waiting","","Partisan Records",""
"The Tallest Man on Earth","Deliver Me From Trying","Just Beyond Endless Mountain","","Anti-",""

"Hovvdy","Try Try Try","Big World","","Arts & Crafts",""
"Stef Chura","The Concrete","Dancing Alone on the Concrete","","Saddle Creek Records",""
"Dinosaur Jr.","Start Choppin'","Where You Been","92618","Sire Records",""
"Boy Harsher","Pain","Lesser Man","","Nude Club",""
"Dummy","Full Spectrum Dominance","do you love the color of the sky?","","Polyvinyl Record Co.",""
"Heavens to Betsy","ain't never goin' back","baby's gone","","Kill Rock Stars",""

"Fontaines D.C.","Marianne","Dopamine Chamber","","Xl Recordings",""
"Fontaines D.C.","Jackie Down the Line","Skinty Fia","1146956","Partisan Records",""
"Fontaines D.C.","Big","Dogrel","1134852","Partisan Records",""

"Michael Kiwanuka","Summer Clothes","Fudge","","Polydor",""
"Teens in Trouble","I Do","I Do","","Lauren Records",""
"Brigitte Calls Me Baby","Altitude","Altitude","","Ato Records",""
"Blondshell","Heart Has To Work So Hard","Violins","","Partisan Records",""
"Julia Jacklin","Get Away From Me (I Think I'll Love You Soon)","The Gem","","4AD",""
"Jess Williamson","Goodbye to All That","A Mile South of Heaven","","New West Records",""

"Death Cab for Cutie","A Movie Script Ending","The Photo Album","","Barsuk Records",""
"The Jon Spencer Blues Explosion","2Kindsa Love","Now I Got Worry","","Matador Records",""
"Patti Smith","Gloria: In Excelsis Deo","Horses","579551","Arista Records",""
"Bad Brains","Banned in D.C.","Attitude","718","ROIR",""
"Ramones","Blitzkrieg Bop","All The Stuff (And More) Vol 1","19099","Sire Records",""

"Joy Division","Transmission","Substance","","Factory Records",""
"The Fall","30 Degrees","Post Script","","Cog Sinister",""
"Sex Pistols","Pretty Vacant","Never Mind The Bollocks Here's The Sex Pistols","903574","Warner Bros. Records",""
"Stiff Little Fingers","Alternative Ulster","All The Best","1086364","One Way Records",""
"Buzzcocks","What Do I Get?","Entertaining Friends","65348","Irs Records",""
"The Clash","Complete Control","Clash On Broadway","15501","Epic Records",""

"Westside Cowboy","Kick Stones (The Boys)","Kick Stones (The Boys)","","Island Records",""
"Sweeping Promises","Cocoon","You Say I Romanticize","","Sub Pop Records",""
"Sheer Mag","Expect the Bayonet","Need To Feel Your Love","1113680","Wilsun Rc",""
"Lambrini Girls","Cult of Celebrity","Cult of Celebrity","","City Slang",""
"Dazy","Ugly","MAXIMUMBLASTSUPERLOUD Vol. 2","","Lame-O Records",""
"IDLES","Colossus","Joy as an Act of Resistance.","","Partisan Records",""
