#,Set,Artist,Track,Album,Orig. release,Label,Tag,Time,FCC status,YTM link,Notes / talk points,Cull,Replace
1,"Hour 1, Set 1: Loud and new",IDLES,Colossus,Joy as an Act of Resistance.,2018,Partisan Records,,5:40,"CLEAN (Genius, 420 words).",https://music.youtube.com/watch?v=hoDWTZYkTDY,"Current band to pair with the UK 1977 set (punk focus). Sixth album is expected in 2027. Replaces Death Valley Girls Basic Witch, which Stace deleted from Weekly Oct. 9 (cool-off to Dec. 8).",,
2,"Hour 1, Set 1: Loud and new",Dazy,Ugly,MAXIMUMBLASTSUPERLOUD Vol. 2,2026-10-23 (album),Lame-O Records,,2:54,UNVERIFIED: no lyrics posted. Listen first.,https://music.youtube.com/watch?v=uH5CSB1vpb4,Plays Chapel in San Francisco Tue. Oct. 13 with Militarie Gun. Album out Oct. 23.,,
3,"Hour 1, Set 1: Loud and new",Lambrini Girls,Cult of Celebrity,Cult of Celebrity,2026,City Slang,,2:14,"CLEAN (Genius, 241 words).",https://music.youtube.com/watch?v=qjf8SsATw84,"Brighton punk duo, staged single No. 19. Short and loud opener.",,
4,"Hour 1, Set 1: Loud and new",Sheer Mag,Expect the Bayonet,Need To Feel Your Love,2017,Wilsun Rc,1113680,3:46,"CLEAN (Genius, 287 words).",https://music.youtube.com/watch?v=gnSZhI4beE4,Philadelphia hard-rock punk. Pairs with the UK 1977 set that follows.,,
5,"Hour 1, Set 1: Loud and new",Sweeping Promises,Cocoon,You Say I Romanticize,2026-08-14,Sub Pop Records,,2:55,"CLEAN (Genius, 119 words).",https://music.youtube.com/watch?v=UoBEFx1r4tk,Sub Pop post-punk from Boston. Taste picks in the weekly list.,,
6,"Hour 1, Set 1: Loud and new",Westside Cowboy,Kick Stones (The Boys),Kick Stones (The Boys),2026-08-21,Island Records,,3:57,CLEAN (Oct. 1 staged screen).,https://music.youtube.com/watch?v=W51Ik_1noH8,Stace added it to the Oct. 8 Air Order but it did not air. Kept.,,
7,"Hour 1, Set 2: UK 1977, Belfast and the Warfield",The Clash,Complete Control,Clash On Broadway,1977-09-23 (single),Epic Records,15501,3:13,"CLEAN (Genius, 279 words).",https://music.youtube.com/watch?v=u6ZWV7cCK5A,"Punk focus opener: Clash and UK 1977. Lapsed favorite (10 shows). Know Your Rights aired Oct. 8, so this is a different era.",,
8,"Hour 1, Set 2: UK 1977, Belfast and the Warfield",Buzzcocks,What Do I Get?,Entertaining Friends,1978,Irs Records,65348,2:55,"CLEAN (Genius, 319 words).",https://music.youtube.com/watch?v=csGl5yVoHk8,"Manchester, 1978 single. Buzzcocks have 14 shows in the profile. Ever Fallen in Love is on the bench (clean).",,
9,"Hour 1, Set 2: UK 1977, Belfast and the Warfield",Stiff Little Fingers,Alternative Ulster,All The Best,1978-10-17 (single),One Way Records,1086364,2:44,"CLEAN (Genius, 245 words). Suspect Device has fuck x1 and is not used.",https://music.youtube.com/watch?v=PlGmYetiCjA,"Belfast single released Oct. 17, 1978, two days after the show. Lapsed favorite, last aired 2019.",,
10,"Hour 1, Set 2: UK 1977, Belfast and the Warfield",Sex Pistols,Pretty Vacant,Never Mind The Bollocks Here's The Sex Pistols,1977,Warner Bros. Records,903574,3:19,"CLEAN (Genius, 248 words).",https://music.youtube.com/watch?v=2sQaJNtbSzI,"EMI signed the band Oct. 8, 1976 (50 years). Steve Jones, Paul Cook, Glen Matlock and Frank Carter play the Warfield Wed. Oct. 14. Stands in for Anarchy in the U.K. (piss x1).",,
11,"Hour 1, Set 2: UK 1977, Belfast and the Warfield",The Fall,30 Degrees,Post Script,2026-10-02,Cog Sinister,,4:03,UNVERIFIED: no lyrics posted. Listen first.,https://music.youtube.com/watch?v=9mebsxe970U,"Posthumous album, release date disputed. Lapsed favorite, last aired 2019.",,
12,"Hour 1, Set 2: UK 1977, Belfast and the Warfield",Joy Division,Transmission,Substance,1979-10 (single),Factory Records,,3:36,"CLEAN (Genius, 189 words).",https://music.youtube.com/watch?v=Kx3EqNYQklg,"Lapsed favorite, last aired 2019. Bridges to the CBGB set.",,
13,"Hour 1, Set 3: CBGB closed 20 years ago, plus Oct. 9 to 15 anniversaries",Ramones,Blitzkrieg Bop,All The Stuff (And More) Vol 1,1976,Sire Records,19099,2:15,"CLEAN (Genius, 226 words).",https://music.youtube.com/watch?v=skdE0KAFCEA,"CBGB house band. The club closed Oct. 15, 2006.",,
14,"Hour 1, Set 3: CBGB closed 20 years ago, plus Oct. 9 to 15 anniversaries",Bad Brains,Banned in D.C.,Attitude,1982,ROIR,718,2:13,"CLEAN (Genius, 181 words).",https://music.youtube.com/watch?v=grixlGSNS6U,"Played a three-night residency in CBGB's final week, starting Oct. 9, 2006 (The Current). Lapsed favorite, last aired 2016.",,
15,"Hour 1, Set 3: CBGB closed 20 years ago, plus Oct. 9 to 15 anniversaries",Patti Smith,Gloria: In Excelsis Deo,Horses,1975,Arista Records,579551,5:55,"CLEAN (Genius, 627 words).",https://music.youtube.com/watch?v=bXXQNtsBXYU,"Smith played CBGB's last show Oct. 15, 2006, a three-hour set that ended after 1 a.m. 20 years on the show date.",,
16,"Hour 1, Set 3: CBGB closed 20 years ago, plus Oct. 9 to 15 anniversaries",The Jon Spencer Blues Explosion,2Kindsa Love,Now I Got Worry,1996-10-15,Matador Records,,3:03,"CLEAN (Genius, 125 words).",https://music.youtube.com/watch?v=tx6ZlKdKwK4,"Now I Got Worry came out Oct. 15, 1996 on Matador. 30 years on the show date. Other tracks have FCC titles, so this one is the pick.",,
17,"Hour 1, Set 3: CBGB closed 20 years ago, plus Oct. 9 to 15 anniversaries",Death Cab for Cutie,A Movie Script Ending,The Photo Album,2001-10-09,Barsuk Records,,4:20,"CLEAN (Genius, 202 words).",https://music.youtube.com/watch?v=LANNTICEaEU,"The Photo Album came out Oct. 9, 2001. 25 years.",,
18,"Hour 1, Set 4: New this month",Jess Williamson,Goodbye to All That,A Mile South of Heaven,2026-10-09,New West Records,,3:20,"CLEAN (Genius, 256 words).",https://music.youtube.com/watch?v=LnxoJbxlJV4,Album out Fri. Oct. 9 on New West. Austin songwriter.,,
19,"Hour 1, Set 4: New this month",Julia Jacklin,Get Away From Me (I Think I'll Love You Soon),The Gem,2026-09-25,4AD,,2:49,"CLEAN (Genius, 253 words).",https://music.youtube.com/watch?v=DL9Ac9pcKqI,The Gem out Sept. 25 on 4AD.,,
20,"Hour 1, Set 4: New this month",Blondshell,Heart Has To Work So Hard,Violins,2026-09-25,Partisan Records,,3:13,"CLEAN (Genius, 290 words).",https://music.youtube.com/watch?v=iqtAP6szsPg,Violins out Sept. 25 on Partisan.,,
21,"Hour 1, Set 4: New this month",Brigitte Calls Me Baby,Altitude,Altitude,2026-10-02,Ato Records,,3:03,CLEAN (Oct. 6 screen).,https://music.youtube.com/watch?v=akcyM1qcfuM,New single Oct. 2.,,
22,"Hour 1, Set 4: New this month",Teens in Trouble,I Do,I Do,2026-10-05 (verify),Lauren Records,,3:00,CLEAN (Oct. 6 screen).,https://music.youtube.com/watch?v=HDFgZYq0-zo,"New single, Lauren Records / Sneak Dog Records.",,
23,"Hour 1, Set 4: New this month",Michael Kiwanuka,Summer Clothes,Fudge,2026-10-23 (album),Polydor,,4:26,CLEAN (Oct. 6 screen).,https://music.youtube.com/watch?v=Q19tYEHCfP0,Fudge out Oct. 23. Slow landing before Hour 2.,,
24,"Hour 2, Thursday Triple Shot: Fontaines D.C.",Fontaines D.C.,Big,Dogrel,2019,Partisan Records,1134852,1:46,"CLEAN (Genius, 224 words).",https://music.youtube.com/watch?v=7eM4MkqvDiY,"Triple Shot 1 of 3. Debut-era blast, 7 years old.",,
25,"Hour 2, Thursday Triple Shot: Fontaines D.C.",Fontaines D.C.,Jackie Down the Line,Skinty Fia,2022,Partisan Records,1146956,4:02,"CLEAN (Genius, 401 words).",https://music.youtube.com/watch?v=tWTU4y_t3a8,Triple Shot 2 of 3. Middle-period melody.,,
26,"Hour 2, Thursday Triple Shot: Fontaines D.C.",Fontaines D.C.,Marianne,Dopamine Chamber,2026-10-16 (album),Xl Recordings,,3:46,"CLEAN (Genius, 303 words).",https://music.youtube.com/watch?v=ikKBcZg9jUc,"Triple Shot 3 of 3. Lead single from Dopamine Chamber, out Fri. Oct. 16 on XL, the day after the show.",,
27,"Hour 2, Set 5: Bay Area this week and next",Heavens to Betsy,ain't never goin' back,baby's gone,2026-10-16 (album),Kill Rock Stars,,1:47,"CLEAN (Genius, 157 words).",https://music.youtube.com/watch?v=LwGiIir7q8M,First release since 1994. baby's gone is out Oct. 16 on Kill Rock Stars. Bottom of the Hill Sat. Oct. 17 (sold out) and Sun. Oct. 18.,,
28,"Hour 2, Set 5: Bay Area this week and next",Dummy,Full Spectrum Dominance,do you love the color of the sky?,2026-10-16 (album),Polyvinyl Record Co.,,3:36,"CLEAN (Genius, 158 words).",https://music.youtube.com/watch?v=FEeoIbUM60s,Lead single. Album out Oct. 16 on Polyvinyl. Chapel in San Francisco Wed. Oct. 14.,,
29,"Hour 2, Set 5: Bay Area this week and next",Boy Harsher,Pain,Lesser Man,2018,Nude Club,,7:20,"CLEAN (Genius, 171 words).",https://music.youtube.com/watch?v=hBK-7j_K5i0,"Fox Theater in Oakland tonight, Thu. Oct. 15, 7 p.m. Long one: cull candidate.",,
30,"Hour 2, Set 5: Bay Area this week and next",Dinosaur Jr.,Start Choppin',Where You Been,1993,Sire Records,92618,5:41,"CLEAN (Genius, 280 words). Freak Scene has fuck x2 (Bridge, Outro) and is not used.",https://music.youtube.com/watch?v=OUrRKjY2DkI,"Castro Sun. Oct. 18 (sold out) and Guild Theatre in Menlo Park Mon. Oct. 19, the ticket giveaway show. Feel the Pain aired Oct. 8.",,
31,"Hour 2, Set 5: Bay Area this week and next",Stef Chura,The Concrete,Dancing Alone on the Concrete,2026-10-02,Saddle Creek Records,,4:08,"CLEAN (Genius, 207 words).",https://music.youtube.com/watch?v=oQWmM_9F954,"Opens for Dinosaur Jr. at the Castro Sun. Oct. 18. Danny is in cool-off to Nov. 26, so a different track.",,
32,"Hour 2, Set 5: Bay Area this week and next",Hovvdy,Try Try Try,Big World,2026,Arts & Crafts,,2:22,CLEAN (Oct. 1 staged screen).,https://music.youtube.com/watch?v=PS4WMDhV2As,Chapel in San Francisco Mon. Oct. 19.,,
33,"Hour 2, Set 6: Songwriters and slow",The Tallest Man on Earth,Deliver Me From Trying,Just Beyond Endless Mountain,2026-10-09,Anti-,,3:55,"CLEAN (Genius, 222 words).",https://music.youtube.com/watch?v=RfnnUQYE5Fw,"Album out Oct. 9 on Anti-. Recorded at home in Dalarna, Sweden.",,
34,"Hour 2, Set 6: Songwriters and slow",Beth Orton,Waiting,Waiting,2026,Partisan Records,,4:39,CLEAN (Oct. 1 staged screen).,https://music.youtube.com/watch?v=4AEdJyRdtHI,Staged single No. 14.,,
35,"Hour 2, Set 6: Songwriters and slow",Perfume Genius,Queen,Too Bright,2014,Matador Records,1063022,3:51,"CLEAN (Genius, 85 words; short transcription).",https://music.youtube.com/watch?v=oRc4eohqlaM,Taste pick.,,
36,"Hour 2, Set 6: Songwriters and slow",Nilüfer Yanya,midnight sun,PAINLESS,2022,Ato Records,,4:43,"CLEAN (Genius, 391 words).",https://music.youtube.com/watch?v=E_LiLwsfhV8,Taste pick.,,
37,"Hour 2, Set 7: Heavy, psych and short",Goat,I Sing in Silence,Requiem,2016,Sub Pop Records,1102420,3:29,"CLEAN (Genius, 82 words; may be a partial transcription).",https://music.youtube.com/watch?v=7XhgcajHhcM,10 years old this month.,,
38,"Hour 2, Set 7: Heavy, psych and short",Dead Meadow,Everything's Goin On,Shivering King and the Others,2008,Matador Records,706193,3:30,"CLEAN (Genius, 76 words; may be a partial transcription).",https://music.youtube.com/watch?v=dXVE5NZl6G4,Taste pick. YTM lists it on Howls From the Hills.,,
39,"Hour 2, Set 7: Heavy, psych and short",Allah-Las,Sandy,Allah-Las,2012,Innovative Leisure,,2:45,"CLEAN (Genius, 175 words).",https://music.youtube.com/watch?v=OpeaILsddHc,Los Angeles surf-psych. Fits the short-song fill.,,
40,"Hour 2, Set 7: Heavy, psych and short",Twin Peaks,Walk to the One You Love,Down in Heaven,2016,Grand Jury Music,,3:34,"CLEAN (Genius, 203 words).",https://music.youtube.com/watch?v=adRswyRcJmM,Staged album No. 11.,,
41,"Hour 2, Set 7: Heavy, psych and short",feeble little horse,Doorway,bitknot,2026-05-26,Saddle Creek Records,,2:55,"CLEAN (Genius, 166 words).",https://music.youtube.com/watch?v=rmd21czLZFw,"Pittsburgh band, Saddle Creek.",,
42,"Hour 2, Set 7: Heavy, psych and short",Star Moles,The End,Highway to Hell,2026-02-26,Historic New Jersey Recordings,,2:29,"CLEAN (Genius, 117 words).",https://music.youtube.com/watch?v=C4KZlei2zk8,Short-song fill.,,
43,"Hour 2, Set 7: Heavy, psych and short",R.M.F.C.,The Clue,"Hive, Vol. 2",2019,,,1:40,UNVERIFIED: no lyrics posted. Listen first.,https://music.youtube.com/watch?v=pcFnJEXsvWc,"Under 2:00 punk fill, from the weekly list.",,
44,"Hour 2, Set 7: Heavy, psych and short",R.M.F.C.,Mirror,"Hive, Vol. 2",2019,,,2:23,UNVERIFIED: no lyrics posted. Listen first.,https://music.youtube.com/watch?v=yQt5aOzytyA,"Short-song fill, from the weekly list.",,
45,Closers and bench,Radio Free Alice,Lunch Money,Lunch Money,2026,Atlantic Records,,3:37,CLEAN (Oct. 1 staged screen).,https://music.youtube.com/watch?v=jef6-SwnwEY,Staged single No. 15. Easy closer.,,
