"Twisted Teens","Hand Me A Cigarette","Florida Water Blues","","Going Underground",""
"Dread Spectre Council","Summon the Sparks","Thetans","","Handmade Records",""
"Interpol","See Out Loud","See Out Loud / This Mirror Weighs a Ton","","Matador Records",""
"Fontaines D.C.","Marianne","Marianne","","XL Recordings",""
"Hovvdy","Life So Wide","Big World","","Arts & Crafts",""
"Khruangbin","Time (You and I)","Mordechai","","Dead Oceans",""
"Nilüfer Yanya","midnight sun","PAINLESS","","Ninja Tune",""
"Allah-Las","Catamaran","Allah-Las","","Innovative Leisure",""
"Bodega","Thrown","Broken Equipment","","Domino Recording Company",""
"Sheer Mag","Expect The Bayonet","Need to Feel Your Love","1113680","Wilsun Rc",""
"Queens of the Stone Age","Go With The Flow","Songs for the Deaf","670294","Interscope Records",""
"Father John Misty","Chateau Lobby #4 (in C for Two Virgins)","I Love You, Honeybear","1072943","Sub Pop Records",""
"Wilco","Heavy Metal Drummer","Yankee Hotel Foxtrot","656995","Nonesuch Records",""
"Sylvan Esso","Concrete Glen","Ow ∞","","Psychic Hotline",""
"Teens in Trouble","I Do","I Do","","Lauren Records",""
"Michael Kiwanuka","Summer Clothes","Fudge","","Polydor",""
"Palace","Denny's","Ox","","Awal",""
"This Is Lorelei","Hey Sarah Is It Gonna Rain Forever","The Singer in My Band","","Matador Records",""
"Chinese American Bear","Turn Up The Radio","Dim Sum and Then Some","","Moshi Moshi Records",""
"Sharp Pins","Days of Change","Mod Mayday 23","","K Records",""
"Lex Walton","Ultimate Love 4Ever","Ultimate Love Forever","","Sub Pop Records",""
"Ty Segall","Chrome","Chrome","","Drag City",""
"Twisted Teens","Riding","Florida Water Blues","","Going Underground",""
"Arcade Fire","Wake Up","Funeral","","Merge Records",""
"Mr. Gnome","Mustangs","The Heart of a Dark Star","","El Marko",""
"The Strokes","Hard To Explain","Is This It","","RCA Records",""
"Pixies","Here Comes Your Man","Doolittle","943354","4AD",""
"Spoon","The Underdog","Ga Ga Ga Ga Ga","1094598","Merge Records",""
"Tricky","Because I Don't Know","Different When It's Silent","","False Idols",""
"Cut Worms","Long Weekend","Transmitter","","Jagjaguwar",""
"Dread Spectre Council","Raven","Thetans","","Handmade Records",""
"Lex Walton","For Thee I Sing","Ultimate Love Forever","","Sub Pop Records",""
"Sluice","Zillow","Companion","","Mtn Laurel Recording Co.",""
"Palace","Made My Bed","Ox","","Awal",""
"John Mellencamp","Pink Houses","Uh-Huh","","Mercury Records",""
"Radiohead","Lotus Flower","The King of Limbs","","XL Recordings",""
"The Beach Boys","Shut Down","Little Deuce Coupe","","Capitol Records",""
"Joy Division","Transmission","Transmission","","Factory Records",""
"Yard Act","New Beginnings","You're Gonna Need A Little Music","","Republic Records",""
"Dinosaur Jr.","Several Got Away","There Near","","Jagjaguwar",""
"Brigitte Calls Me Baby","Altitude","Altitude","","Ato Records",""
"Little Barrie","More Bad Miles Of Road","Gravity Freeze","","Easy Eye Sound",""
"Twisted Teens","Peekaboo Hand","Blame the Clown","","Chain Smoking Records",""
