"Twisted Teens","Peekaboo Hand","Blame the Clown","","Chain Smoking Records",""
"Little Barrie","More Bad Miles Of Road","Gravity Freeze","","Easy Eye Sound",""
"Brigitte Calls Me Baby","Altitude","Altitude","","Ato Records",""
"Dinosaur Jr.","Several Got Away","There Near","","Jagjaguwar",""
"Yard Act","New Beginnings","You're Gonna Need A Little Music","","Republic Records",""
"Joy Division","Transmission","Transmission","","Factory Records",""
"The Beach Boys","Shut Down","Little Deuce Coupe","","Capitol Records",""
"Radiohead","Lotus Flower","The King of Limbs","","XL Recordings",""
"John Mellencamp","Pink Houses","Uh-Huh","","Mercury Records",""
"Palace","Made My Bed","Ox","","Awal",""
"Sluice","Zillow","Companion","","Mtn Laurel Recording Co.",""
"Lex Walton","For Thee I Sing","Ultimate Love Forever","","Sub Pop Records",""
"Dread Spectre Council","Raven","Thetans","","Handmade Records",""
"Cut Worms","Long Weekend","Transmitter","","Jagjaguwar",""
"Tricky","Because I Don't Know","Different When It's Silent","","False Idols",""
"Spoon","The Underdog","Ga Ga Ga Ga Ga","1094598","Merge Records",""
"Pixies","Here Comes Your Man","Doolittle","943354","4AD",""
"The Strokes","Hard To Explain","Is This It","","RCA Records",""
"Mr. Gnome","Mustangs","The Heart of a Dark Star","","El Marko",""
"Arcade Fire","Wake Up","Funeral","","Merge Records",""
"Twisted Teens","Riding","Florida Water Blues","","Going Underground",""
"Ty Segall","Chrome","Chrome","","Drag City",""
"Lex Walton","Ultimate Love 4Ever","Ultimate Love Forever","","Sub Pop Records",""
"Sharp Pins","Days of Change","Mod Mayday 23","","K Records",""
"Chinese American Bear","Turn Up The Radio","Dim Sum and Then Some","","Moshi Moshi Records",""
"This Is Lorelei","Hey Sarah Is It Gonna Rain Forever","The Singer in My Band","","Matador Records",""
"Palace","Denny's","Ox","","Awal",""
"Michael Kiwanuka","Summer Clothes","Fudge","","Polydor",""
"Teens in Trouble","I Do","I Do","","Lauren Records",""
"Sylvan Esso","Concrete Glen","Ow ∞","","Psychic Hotline",""
"Wilco","Heavy Metal Drummer","Yankee Hotel Foxtrot","656995","Nonesuch Records",""
"Father John Misty","Chateau Lobby #4 (in C for Two Virgins)","I Love You, Honeybear","1072943","Sub Pop Records",""
"Queens of the Stone Age","Go With The Flow","Songs for the Deaf","670294","Interscope Records",""
"Sheer Mag","Expect The Bayonet","Need to Feel Your Love","1113680","Wilsun Rc",""
"Bodega","Thrown","Broken Equipment","","Domino Recording Company",""
"Allah-Las","Catamaran","Allah-Las","","Innovative Leisure",""
"Nilüfer Yanya","midnight sun","PAINLESS","","Ninja Tune",""
"Khruangbin","Time (You and I)","Mordechai","","Dead Oceans",""
"Hovvdy","Life So Wide","Big World","","Arts & Crafts",""
"Fontaines D.C.","Marianne","Marianne","","XL Recordings",""
"Interpol","See Out Loud","See Out Loud / This Mirror Weighs a Ton","","Matador Records",""
"Dread Spectre Council","Summon the Sparks","Thetans","","Handmade Records",""
"Twisted Teens","Hand Me A Cigarette","Florida Water Blues","","Going Underground",""
