#,Set,Type,Artist,Track,Album,Released,Label,Tag,Time,FCC status,YTM link,Notes / talk points,Cull
1,"Hour 1, Set 1: Wake-up, loud and new",new,Twisted Teens,Peekaboo Hand,Blame the Clown,2026-02-13 (album),Chain Smoking Records,,3:23,CLEAN (Stace's review; no Genius page),https://music.youtube.com/watch?v=J2IJ6ugcmUI,"Core artist. Stace's 5-star pick on Blame the Clown. Album keyed in Zookeeper Oct. 6 (tag 1156418, Pending Appr); add tag after approval.",
2,"Hour 1, Set 1: Wake-up, loud and new",new,Little Barrie,More Bad Miles Of Road,Gravity Freeze,2026-05-22 (album),Easy Eye Sound,,3:49,"CLEAN (Genius, Oct. 6)",https://music.youtube.com/watch?v=QXOOzvDc3Nk,Lead single from Gravity Freeze. Stace's 5-star pick.,
3,"Hour 1, Set 1: Wake-up, loud and new",new,Brigitte Calls Me Baby,Altitude,Altitude (single),2026-10-02 (single),Ato Records,,3:03,"CLEAN (Genius, Oct. 6)",https://music.youtube.com/watch?v=akcyM1qcfuM,New this week.,
4,"Hour 1, Set 1: Wake-up, loud and new",new,Dinosaur Jr.,Several Got Away,There Near,2026-08-28 (album),Jagjaguwar,,3:34,"CLEAN (Genius, Oct. 6)",https://music.youtube.com/watch?v=2XwYVWnYMB8,Core artist. NACC #3 the week of Oct. 1. Castro Theatre Oct. 18.,
5,"Hour 1, Set 1: Wake-up, loud and new",new,Yard Act,New Beginnings,You're Gonna Need A Little Music,2026-07-17 (album),Republic Records,,3:28,"CLEAN (Genius, Oct. 6)",https://music.youtube.com/watch?v=WUmzu_RDflM,Single from the third album. Track 2 is the clean one on this record.,
6,"Hour 1, Set 2: Oct. 7 on the dial",topical,Joy Division,Transmission,Transmission (single),1979-10-07 (single),Factory Records,,3:36,"CLEAN (Genius, Oct. 6)",https://music.youtube.com/watch?v=Kx3EqNYQklg,"Factory released it Oct. 7, 1979, 47 years ago today. Library has Substance (tag 204354, Qwest); original not held, so tag left blank.",
7,"Hour 1, Set 2: Oct. 7 on the dial",topical,The Beach Boys,Shut Down,Little Deuce Coupe,1963-10-07 (album),Capitol Records,,1:51,"CLEAN (Genius, Oct. 6)",https://music.youtube.com/watch?v=pw8z14oW-gw,"Little Deuce Coupe, an all-cars album, came out Oct. 7, 1963.",
8,"Hour 1, Set 2: Oct. 7 on the dial",topical,Radiohead,Lotus Flower,The King of Limbs,2011 (album),XL Recordings,,5:01,"CLEAN (Genius, Oct. 6)",https://music.youtube.com/watch?v=HgMAwBZ2M3w,"Thom Yorke was born Oct. 7, 1968. He turns 58 today. Overdue favorite artist.",
9,"Hour 1, Set 2: Oct. 7 on the dial",topical,John Mellencamp,Pink Houses,Uh-Huh,1983 (album),Mercury Records,,4:44,"CLEAN (Genius, Oct. 6)",https://music.youtube.com/watch?v=vBJCesNT9TM,"Mellencamp was born Oct. 7, 1951.",
10,"Hour 1, Set 3: New albums off the review shelf",new,Palace,Made My Bed,Ox,2026-09-18 (album),Awal,,4:01,"CLEAN (Genius, Oct. 6)",https://music.youtube.com/watch?v=MR-dh4FTavQ,"Stace's 5-star pick. Fifth album, written as the band became fathers.",
11,"Hour 1, Set 3: New albums off the review shelf",new,Sluice,Zillow,Companion,2026-03-27 (album),Mtn Laurel Recording Co.,,3:13,"CLEAN (Genius, Oct. 6)",https://music.youtube.com/watch?v=lpl4quk0T_g,Stace's 5-star pick. Lyrics drawn from Zillow listings.,
12,"Hour 1, Set 3: New albums off the review shelf",new,Lex Walton,For Thee I Sing,Ultimate Love Forever,2026-08-26 (album),Sub Pop Records,,2:01,"CLEAN (Genius, Oct. 6)",https://music.youtube.com/watch?v=w7PnWZXJwoc,"Stace's 5-star pick. Seven songs, about 20 minutes, Sub Pop debut.",
13,"Hour 1, Set 3: New albums off the review shelf",new,Dread Spectre Council,Raven,Thetans,2026-03-29 (album),Handmade Records,,4:54,CLEAN (Stace's review; no Genius page),https://music.youtube.com/watch?v=KZkx50Y-Cyg,Stace's 5-star pick. One person from Norway. Segues with Built To Spill.,
14,"Hour 1, Set 3: New albums off the review shelf",new,Cut Worms,Long Weekend,Transmitter,2026-03-13 (album),Jagjaguwar,,2:54,"CLEAN (Genius, Oct. 6)",https://music.youtube.com/watch?v=7-SzF72go3Q,Produced by Jeff Tweedy. Library holds the 2023 self-titled only.,
15,"Hour 1, Set 3: New albums off the review shelf",new,Tricky,Because I Don't Know,Different When It's Silent,2026-07-17 (album),False Idols,,4:34,"CLEAN (Genius, Oct. 6)",https://music.youtube.com/watch?v=gKkWSYQaxVo,Stace's 5-star pick and 'the hit on the record.' Mitch Sanders falsetto.,
16,"Hour 1, Set 4: Favorites to start the day",favorite,Spoon,The Underdog,Ga Ga Ga Ga Ga,2007 (album),Merge Records,1094598,3:43,"CLEAN (Genius, Oct. 6)",https://music.youtube.com/watch?v=VaUOE8xv-zA,"Core artist, 93 shows aired.",
17,"Hour 1, Set 4: Favorites to start the day",favorite,Pixies,Here Comes Your Man,Doolittle,1989 (album),4AD,943354,3:22,"CLEAN (Genius, Oct. 6)",https://music.youtube.com/watch?v=XYrOmT72xZk,Overdue favorite (last aired 2024). Morning pop hook.,
18,"Hour 1, Set 4: Favorites to start the day",favorite,The Strokes,Hard To Explain,Is This It,2001 (album),RCA Records,,3:45,"CLEAN (Genius, Oct. 6)",https://music.youtube.com/watch?v=2iF9-LAVcjE,Garage-rock favorite. Recent YTM rotation.,
19,"Hour 1, Set 4: Favorites to start the day",favorite,Mr. Gnome,Mustangs,The Heart of a Dark Star,2016 (album),El Marko,,4:53,"CLEAN (Genius, Oct. 6)",https://music.youtube.com/watch?v=qtolJ-O4F80,Core artist. Stace's 6-star pick in her 2016 review: 'play this song too much.',
20,"Hour 1, Set 4: Favorites to start the day",topical,Arcade Fire,Wake Up,Funeral,2004 (album),Merge Records,,5:36,"CLEAN (Genius, Oct. 6)",https://music.youtube.com/watch?v=gKNIMRGUQBA,Hour 1 closer into the 8 a.m. turn. Overdue favorite (last aired 2022).,
21,"Hour 2, Set 5: Fuzz and fast",new,Twisted Teens,Riding,Florida Water Blues,2026-07-10 (album),Going Underground,,3:54,"CLEAN (Genius, Oct. 6)",https://music.youtube.com/watch?v=qyMXk41TU7Y,"Stace's 5-star pick. Next album, The Holy Cross Tigers, is due Nov. 6 on Sub Pop.",
22,"Hour 2, Set 5: Fuzz and fast",new,Ty Segall,Chrome,Chrome,2026-08-28 (album),Drag City,,5:08,"CLEAN (Genius, Oct. 6)",https://music.youtube.com/watch?v=apwTEl0Lfew,Title track. Ty's 18th solo album.,
23,"Hour 2, Set 5: Fuzz and fast",new,Lex Walton,Ultimate Love 4Ever,Ultimate Love Forever,2026-08-26 (album),Sub Pop Records,,3:06,"CLEAN (Genius, Oct. 6)",https://music.youtube.com/watch?v=uan9YB7O8nU,Stace's 5-star pick. Title track.,
24,"Hour 2, Set 5: Fuzz and fast",new,Sharp Pins,Days of Change,Mod Mayday 23,2026-09-04 (reissue; orig. 2023),K Records,,4:19,"CLEAN (Genius, Oct. 6)",https://music.youtube.com/watch?v=45CJxgz5Zt0,Recent like. NACC #15 the week of Oct. 1.,
25,"Hour 2, Set 5: Fuzz and fast",new,Chinese American Bear,Turn Up The Radio,Dim Sum and Then Some,2026-05-08 (album),Moshi Moshi Records,,2:42,"CLEAN (Genius, Oct. 6)",https://music.youtube.com/watch?v=9S4KnK5IMQ4,A song about turning up the radio. Good fit for a morning show.,
26,"Hour 2, Set 6: Midweek groove",new,This Is Lorelei,Hey Sarah Is It Gonna Rain Forever,The Singer in My Band,2026-09-11 (album),Matador Records,,3:28,"CLEAN (Genius, Oct. 6)",https://music.youtube.com/watch?v=LHPybTFbWAA,Core artist. Stace's 5-star pick.,
27,"Hour 2, Set 6: Midweek groove",new,Palace,Denny's,Ox,2026-09-18 (album),Awal,,4:50,"CLEAN (Genius, Oct. 6)",https://music.youtube.com/watch?v=vEL9U3Z1cvo,Stace's 5-star pick. Yacht-rock anthem about home.,
28,"Hour 2, Set 6: Midweek groove",new,Michael Kiwanuka,Summer Clothes,Fudge,2026-10-23 (album),Polydor,,4:26,"CLEAN (Genius, Oct. 6)",https://music.youtube.com/watch?v=Q19tYEHCfP0,New single. Album Fudge is due Oct. 23.,
29,"Hour 2, Set 6: Midweek groove",new,Teens in Trouble,I Do,I Do (single),2026-10-05 (single; verify),Lauren Records,,3:00,"CLEAN (Genius, Oct. 6)",https://music.youtube.com/watch?v=HDFgZYq0-zo,New this week.,
30,"Hour 2, Set 6: Midweek groove",new,Sylvan Esso,Concrete Glen,Ow ∞,2026-09-11 (album; single July 21),Psychic Hotline,,3:30,"CLEAN (Genius, Oct. 6)",https://music.youtube.com/watch?v=PVcU0z1zPqk,Lead single from Ow ∞. NACC #7 the week of Oct. 1.,
31,"Hour 2, Set 7: Favorites, round two",favorite,Wilco,Heavy Metal Drummer,Yankee Hotel Foxtrot,2002 (album),Nonesuch Records,656995,3:09,"CLEAN (Genius, Oct. 6)",https://music.youtube.com/watch?v=yeuIQFF7z6E,Core artist.,
32,"Hour 2, Set 7: Favorites, round two",favorite,Father John Misty,Chateau Lobby #4 (in C for Two Virgins),"I Love You, Honeybear",2015 (album),Sub Pop Records,1072943,2:52,"CLEAN (Genius, Oct. 6)",https://music.youtube.com/watch?v=C664y0eYBaE,"Core artist, 81 shows aired.",
33,"Hour 2, Set 7: Favorites, round two",favorite,Queens of the Stone Age,Go With The Flow,Songs for the Deaf,2002 (album),Interscope Records,670294,3:08,"CLEAN (Genius, Oct. 6)",https://music.youtube.com/watch?v=ZkRtdXSSuC0,"Core artist. Easy Street has an FCC word, so this is the clean swap.",
34,"Hour 2, Set 7: Favorites, round two",favorite,Sheer Mag,Expect The Bayonet,Need to Feel Your Love,2017 (album),Wilsun Rc,1113680,3:46,"CLEAN (Genius, Oct. 6)",https://music.youtube.com/watch?v=gnSZhI4beE4,Next-tier favorite.,
35,"Hour 2, Set 7: Favorites, round two",favorite,Bodega,Thrown,Broken Equipment,2022 (album),Domino Recording Company,,2:48,"CLEAN (Genius, Oct. 6)",https://music.youtube.com/watch?v=AJmXNZQvzZg,"Core artist, 67 shows aired.",
36,"Hour 2, Set 8: Wildcards and the last stretch",wildcard,Allah-Las,Catamaran,Allah-Las,2012 (album),Innovative Leisure,,3:33,"CLEAN (Genius, Oct. 6)",https://music.youtube.com/watch?v=EUc2pNk5OwY,"Heard a lot, never aired.",
37,"Hour 2, Set 8: Wildcards and the last stretch",wildcard,Nilüfer Yanya,midnight sun,PAINLESS,2022 (album),Ninja Tune,,4:43,"CLEAN (Genius, Oct. 6)",https://music.youtube.com/watch?v=E_LiLwsfhV8,"Heard a lot, never aired.",
38,"Hour 2, Set 8: Wildcards and the last stretch",wildcard,Khruangbin,Time (You and I),Mordechai,2020 (album),Dead Oceans,,5:43,"CLEAN (Genius, Oct. 6)",https://music.youtube.com/watch?v=5Y0da_fSK8I,"192 plays, never aired.",
39,"Hour 2, Set 8: Wildcards and the last stretch",new,Hovvdy,Life So Wide,Big World,2026-08-14 (album),Arts & Crafts,,2:11,"CLEAN (Genius, Oct. 6)",https://music.youtube.com/watch?v=DwNY8K04K6A,NACC #32. Short.,
40,"Hour 2, Set 8: Wildcards and the last stretch",new,Fontaines D.C.,Marianne,Marianne (single),2026-08-18 (single),XL Recordings,,3:46,"CLEAN (Genius, Oct. 6)",https://music.youtube.com/watch?v=ikKBcZg9jUc,Core artist. Album Dopamine Chamber is due Oct. 16.,
41,Closers and bench,new,Interpol,See Out Loud,See Out Loud / This Mirror Weighs a Ton,2026-06-09 (single),Matador Records,,4:57,"CLEAN (Genius, Oct. 6)",https://music.youtube.com/watch?v=hrK12SX8Z98,Bench. Core artist.,
42,Closers and bench,new,Dread Spectre Council,Summon the Sparks,Thetans,2026-03-29 (album),Handmade Records,,3:38,CLEAN (Stace's review; no Genius page),https://music.youtube.com/watch?v=2BXy9z_o868,Bench. Stace's 5-star pick.,
43,Closers and bench,new,Twisted Teens,Hand Me A Cigarette,Florida Water Blues,2026-07-10 (album),Going Underground,,3:26,"CLEAN (Genius, Oct. 6)",https://music.youtube.com/watch?v=IY_J7QS6tMo,Bench. Stace's 5-star pick.,
