Request (x),Artist,Album,Label,Release date,Type,Fit,Status,Lead track,FCC status,Notes,Boilerplate done,Added to To Review,Email date,Plays artist,Single aired,Added,Album link,Label link
,Fontaines D.C.,Dopamine Chamber,Xl Recordings,2026-10-16,album,,"Tuesday sweep Oct. 6; in library (Dogrel, Skinty Fia), not this album",Marianne,"FCC shit x10 (Tongue, Refrain); Marianne CLEAN","Fifth album, produced by James Ford. Rosalia guests on 'Where Is Gone?'. Tongue is in FCC Edit Needed.",,,,Fontaines D.C.,,2026-10-06,https://music.youtube.com/search?q=Fontaines+D.C.+Dopamine+Chamber,https://www.xlrecordings.com
,DIIV,ZIRP!,Fantasy Records,2026-10-30,album,,"Tuesday sweep Oct. 6; in library (4 albums), not this album",Trillions,FCC fucking x1 (Trillions); in FCC Edit Needed,"Fifth album, produced by A. G. Cook. Singles: The Fountain, Kid, Trillions.",,,,DIIV,,2026-10-06,https://music.youtube.com/search?q=DIIV+ZIRP%21,https://www.concordrecords.com
,Clinic,Wild in the Streets,Domino Recording Company,2026-10-30,album,,"Tuesday sweep Oct. 6; in library (older albums), not this album",You and I,UNVERIFIED,Tenth album. First single You and I (2:27).,,,,,,2026-10-06,https://music.youtube.com/search?q=Clinic+Wild+in+the+Streets,https://www.dominomusic.com
,Spanish Love Songs,Future Nausea,Pure Noise Records (not in ZK),2026-11-06,album,,Tuesday sweep Oct. 6; not in library,Doom Tripping,"FCC shit x1 (Doom Tripping, Verse 3); in FCC Edit Needed",Produced by Chris Walla and Sarah Tudzin.,,,,,,2026-10-06,https://music.youtube.com/search?q=Spanish+Love+Songs+Future+Nausea,https://www.purenoise.net
,Kings of Leon,O My Beloved,Love Tap Records (not in ZK),2026-11-06,album,,Tuesday sweep Oct. 6; in library (Aha Shake Heartbreak only),Cold Blue Dawn,UNVERIFIED,"Tenth album, distributed by Virgin Music.",,,,Kings of Leon,,2026-10-06,https://music.youtube.com/search?q=Kings+of+Leon+O+My+Beloved,https://www.kingsofleon.com
,Dazy,MAXIMUMBLASTSUPERLOUD Vol. 2: 24 Songs From 2023-2026,Lame-O Records,2026-10-23,album,,Tuesday sweep Oct. 6; not in library,Ugly,UNVERIFIED,Compilation of singles and EPs plus seven new songs. Digital and cassette.,,,,,,2026-10-06,https://music.youtube.com/search?q=Dazy+MAXIMUMBLASTSUPERLOUD+Vol.+2%3A+24+Songs+From+2023-2026,https://www.lameorecords.com
,Michael Kiwanuka,Fudge,Polydor,2026-10-23,album,,Tuesday sweep Oct. 6; not in library,Summer Clothes,CLEAN,"Fifth album, self-produced. First release since his health struggles last year.",,,,Michael Kiwanuka,,2026-10-06,https://music.youtube.com/search?q=Michael+Kiwanuka+Fudge,https://www.michaelkiwanuka.com
,Cursive,Who's Watching (Original Motion Picture Soundtrack),15 Passenger Records (not in ZK),2026-10-30,album,,"Tuesday sweep Oct. 6; in library (6 albums), not this record",Wounded Animal,UNVERIFIED,Soundtrack to Tim Kasher's film. Wounded Animal is the band's first new music since Devourer (2024).,,,,,,2026-10-06,https://music.youtube.com/search?q=Cursive+Who%27s+Watching+%28Original+Motion+Picture+Soundtrack%29,https://www.15passenger.com
,Knifeplay,What Is Truth?,Double Double Whammy,2027-01-22,album,,Tuesday sweep Oct. 6; announced; not in library,Love Song,UNVERIFIED (10 minutes),Third album. Lead single Love Song runs about 10 minutes.,,,,,,2026-10-06,https://music.youtube.com/search?q=Knifeplay+What+Is+Truth%3F,https://doubledoublewhammy.com
,Gripper,Another Night Of Fun On Me,Stupid Bag Records (not in ZK),2027-02-09,album,,Tuesday sweep Oct. 6; announced debut; not in library,,UNVERIFIED,Debut album. Two tracks released Oct. 2.,,,,,,2026-10-06,https://music.youtube.com/search?q=Gripper+Another+Night+Of+Fun+On+Me,https://bandcamp.com/search?q=Stupid%20Bag%20Records&item_type=b
,Brigitte Calls Me Baby,Altitude,Ato Records,2026-10-02,single,,Tuesday sweep Oct. 6; 4-song single release; not in library,Altitude,CLEAN,"Includes Geordie, I Can Take the Sun Out of the Sky and Slumber Party.",,,,,,2026-10-06,https://music.youtube.com/search?q=Brigitte+Calls+Me+Baby+Altitude,https://ato-records.com
,L7,Loma Linda,Self-released (verify),2026-10-05,single,,Tuesday sweep Oct. 6; library has older albums,Loma Linda,UNVERIFIED,"Free download from the band's site the first week, then streaming. Released ahead of The Last Hurrah final tour (Oct. 6 to Nov. 14). Bassist Janis Tanaka returns.",,,,L7,,2026-10-06,https://music.youtube.com/search?q=L7+Loma+Linda,https://bandcamp.com/search?q=L7&item_type=b
,Teens in Trouble,I Do,Lauren Records,2026-10-05 (verify),single,,Tuesday sweep Oct. 6; not in library,I Do,CLEAN,Also on Sneak Dog Records. Recorded with Dave Schiffman. Follows the 2024 album What's Mine.,,,,,,2026-10-06,https://music.youtube.com/search?q=Teens+in+Trouble+I+Do,https://bandcamp.com/search?q=Lauren%20Records&item_type=b
x,Cut Worms,Transmitter,Jagjaguwar,2026-03-13,album,,requested by Stace; not in library (has 2023 self-titled),Long Weekend,CLEAN,Template: https://docs.google.com/document/d/18nhVzPLxHFmUJQTRXgyu1KEaJDuXvoI46gsO4kwwfpc/edit,2026-10-04,2026-10-04 (full album),,Cut Worms,,2026-10-05,https://music.youtube.com/playlist?list=OLAK5uy_m8gnkgmK0r8Jkfw3V5nMhE3gIaFLuWtPI,https://jagjaguwar.com
x,Tricky,Different When It's Silent,False Idols,2026-07-17,album,,requested by Stace; not in library,Out of Place,FCCs 6.10,Template: https://docs.google.com/document/d/1PlCAGtgt796YoaYdZX7ySGyVDpfh3onRy8JZBctMP4M/edit,2026-10-04,2026-10-04 (full album),,Tricky,,2026-10-05,https://music.youtube.com/playlist?list=OLAK5uy_knqyblKwuze9tbLuTckP124T6S5Ajcn3s,https://tricky.bandcamp.com
x,Ty Segall,Chrome,Drag City,2026-08-28,album,,requested by Stace; not in library,Black Paint,CLEAN,Template: https://docs.google.com/document/d/1JMnEW-DGAMR6OVfNyQAopLlfi75FOTfMnkBZSOEHiVA/edit,2026-10-04,2026-10-04 (full album),,Ty Segall,yes,2026-10-05,https://music.youtube.com/playlist?list=OLAK5uy_nfjcx5QpkSwAyiUqAzUpinwPC3l-q-Luw,https://www.dragcity.com
x,Palace,Ox,Palace Presents/Awal,2026-09-18,album,,requested by Stace; not in library,Kid,FCCs 3.8.10,Template: https://docs.google.com/document/d/1a9Wq3fnul1ITzeQk3JWf2vKiMFgUG8yo5JKke4KcNgc/edit,2026-10-04,2026-10-04 (full album),,,,2026-10-05,https://music.youtube.com/playlist?list=OLAK5uy_n0Lf2sLNB_1FFxKpRnfMz_mkzl6ocNGhI,https://bandcamp.com/search?q=Palace%20Presents/Awal&item_type=b
x,Lex Walton,Ultimate Love Forever,Sub Pop Records,2026-08-26,album,,requested by Stace; not in library,Adrian Borland Will Have His Revenge On London,FCCs 2.3,Template: https://docs.google.com/document/d/1ApggA6DvzNnf6sdS-JpH3Dy_XY-sjk7QQs7HLkB2Y4M/edit,2026-10-04,2026-10-04 (full album),,,,2026-10-05,https://music.youtube.com/playlist?list=OLAK5uy_l85YEe_oiS_nRcDsPPqWNOn89Pjep1WjI,https://www.subpop.com
x,Twisted Teens,Blame the Clown,Chain Smoking Records,2026-02-13 (verify),album,,requested by Stace; not in library,Is It Real?,FCCs 2.7.8,Template: https://docs.google.com/document/d/1HQ3lAxkV-HR7WHCKAJVQumT1Pgjep66JuLs3liz0ZPM/edit,2026-10-04,2026-10-04 (full album),,Twisted Teens,yes,2026-10-05,https://music.youtube.com/playlist?list=OLAK5uy_kZXfMC2-w-3Qj9rJfqK2ZMPmKr-mjctFk,https://bandcamp.com/search?q=Chain%20Smoking%20Records&item_type=b
x,Twisted Teens,Florida Water Blues,Going Underground,2026-07-10,album,,requested by Stace; not in library,Hand Me A Cigarette,FCCs 1.5.7.9.10.12,Template: https://docs.google.com/document/d/1nut8CJNkWuG-RGJkVTGpSfeEg3vyVqpqXkntycU2KIQ/edit,2026-10-04,2026-10-04 (full album),,Twisted Teens,yes,2026-10-05,https://music.youtube.com/playlist?list=OLAK5uy_nBC9qbCjCIB4Gv0tk5eFkonAoKANhqGV4,https://www.goingundergroundrecords.com
,Go Public,You Are Traffic,Happy Happy Birthday To Me,2026-09-18 (verify),album,48.4,promo (md@ list); not in library,,,"Adds 9/22. RIYL IDLES, Dry Cleaning, Parquet Courts.",,,2026-09-21,,,2026-10-05,https://music.youtube.com/playlist?list=OLAK5uy_mnoVM4TcZetoh8bWrlGPjB2gyuE6XpNfg,https://hhbtm.com
,The Van Pelt,Remain Obscure,Ernest Jenning,2026-09-18,album,37.6,promo (md@ list); not in library,,,"Adds 9/29. RIYL Slint, Television, Interpol.",,,2026-09-28,,,2026-10-05,https://music.youtube.com/playlist?list=OLAK5uy_n-bNbfnNJHXHOnzDRAF1pX0TdQyrkQSAg,https://ernestjenning.com
,Taylor Ashton,Susanna b/w Last Time You Saw Me,Birthday Cake,2026-09-30 (verify),single,31.1,promo (md@ list); not in library,Susanna,,"Adds 10/6. RIYL Andrew Bird, Iron & Wine. Album Charades due Nov. 6.",,,2026-10-01,,,2026-10-05,https://music.youtube.com/playlist?list=OLAK5uy_lrptPDfK2NYPjO6ugfRkSjrQ2p21TBoAg,https://bandcamp.com/search?q=Birthday%20Cake&item_type=b
,Gabriella Olivo,Reflexiones,Duprince,2026-10-02,album,18.9,promo (md@ list); not in library,,,"Adds 10/6. RIYL Beach House, Alex G.",,,2026-10-01,,,2026-10-05,https://music.youtube.com/playlist?list=OLAK5uy_k7gSkED_5deUOwijdYuFXfhlx0dgB8Ttc,https://bandcamp.com/search?q=Duprince&item_type=b
,Dinosaur Jr.,There Near,Jagjaguwar,2026-08-28,album,,NACC #3; not in library,Several Got Away,,Core artist. College chart crossover.,,,,Dinosaur Jr.,yes,2026-10-05,https://music.youtube.com/playlist?list=OLAK5uy_n4rZww-gfB4b-VFW-sZvmKyGVhKs0gz8A,https://jagjaguwar.com
x,This Is Lorelei,The Singer in My Band,Matador Records,2026-09-11,album,,NACC #12; not in library,Billy Came Back,CLEAN,Core artist. Template: https://docs.google.com/document/d/1o1auc4gQyPiRJOufY69jrMcPr4VuU-rN1In2l7K8S5U/edit,2026-10-04,2026-10-04 (full album),,This Is Lorelei,yes,2026-10-05,https://music.youtube.com/playlist?list=OLAK5uy_mraVeW-NtP8jrzwcfj-Ppzqjq_Bwyf6rU,https://www.matadorrecords.com
x,Sharp Pins,Mod Mayday 23,K Records,2026-09-04 (reissue; orig. 2023),album,,NACC #15; not in library,Tonight's The Night,CLEAN (7 unverified),Core artist. Template: https://docs.google.com/document/d/1HaOuZM5BRhwmXqh_vo7ACIXx0FBb2K4gk7OK9DGKUcQ/edit,2026-10-04,2026-10-04 (full album),,Sharp Pins,yes,2026-10-05,https://music.youtube.com/playlist?list=OLAK5uy_lNgh7m8DYwYe2qi8xh1txzMOR5OLBYHJQ,https://krecs.com
,Westside Cowboy,It Goes On,Slow Play/Island,2026-08-21,album,,NACC #11; not in library,Kick Stones (The Boys),,Review draft already in KZSU-Album-Reviews.,,,,,,2026-10-05,https://music.youtube.com/playlist?list=OLAK5uy_lgLMBDKzWbej2X745rksLKnSegPeZFI_o,https://www.islandrecords.com
,Hovvdy,Big World,Arts & Crafts,2026-08-14,album,,NACC #32; not in library,Life So Wide,,Single Try Try Try is in the Oct. 8 plan.,,,,Hovvdy,yes,2026-10-05,https://music.youtube.com/playlist?list=OLAK5uy_mkeNJKvgBA6NrTbF1jGA0ubfEa_e-_HJc,https://arts-crafts.ca
x,Yard Act,You're Gonna Need A Little Music,Republic Records,2026-07-17,album,,NACC #41; not in library,You're Gonna Need A Little Music,FCCs 1.3.6.7.8.9,Template: https://docs.google.com/document/d/1_xOUtQZyWpPUjGIifaGc9nXae06BaDXNxC71615KkNU/edit,2026-10-04,2026-10-04 (full album),,Yard Act,,2026-10-05,https://music.youtube.com/playlist?list=OLAK5uy_mIdB-kicyH5O7qEjumbB9XGj-N_3mbWII,https://www.republicrecords.com
x,Sylvan Esso,Ow ∞,Psychic Hotline,2026-09-11,album,,NACC #7; not in library,Concrete Glen,FCCs 3.6.8.11,Template: https://docs.google.com/document/d/1zZy9Tg-28T-4jgELv9PUrlsn-A_lXgDZmvyH2jBdcHs/edit,2026-10-04,2026-10-04 (full album),,Sylvan Esso,yes,2026-10-05,https://music.youtube.com/playlist?list=OLAK5uy_l8n67qD7i2yG0khS6b2fqq67ROaQfWYa8,https://bandcamp.com/search?q=Psychic%20Hotline&item_type=b
,Fontaines D.C.,Marianne,XL,2026-08-18,single,,NACC #17; not in library,Marianne,,,,,,,,2026-10-05,https://music.youtube.com/playlist?list=OLAK5uy_k3gSxmN8gf5yJSOC6XyNGijsyLrdVRiM4,https://xlrecordings.com
x,Guided By Voices,Crawlspace of the Pantheon,GBV Inc.,2026-05-29,album,253.8,staged,Lost in the Sun,CLEAN,Template: https://docs.google.com/document/d/1MRb_scujdmAxXpEKXQLXEc7s-tZdsxcY2fwd7CtwNUM/edit,2026-10-04,2026-10-04 (full album),2026-06-20,Guided By Voices,yes,2026-10-04,https://music.youtube.com/playlist?list=OLAK5uy_kbMQT1i4987HgT74bh_NvWfeHUbQkcI98,https://bandcamp.com/search?q=GBV%20Inc.&item_type=b
,Interpol,See Out Loud b/w This Mirror Weighs A Ton,Partisan Records,2026-06-09,single,165.5,staged,This Mirror Weighs a Ton,CLEAN,,,,2026-06-19,Interpol,,2026-10-04,https://music.youtube.com/playlist?list=OLAK5uy_mdK9V1W7cJ704uBnb76OocTdfYMcoShbY,https://partisanrecords.com
,Mitski,Nothing's About to Happen to Me,Dead Oceans,2026-02-27,album,157.4,A-File add (already reviewed),,,,,,2026-03-30,Mitski,yes,2026-10-04,https://music.youtube.com/playlist?list=OLAK5uy_nTLP9Ue6XBzgUnX_ceYEZtVEu2m_krdlc,https://deadoceans.com
x,Little Barrie,Gravity Freeze,Easy Eye Sound,2026-05-22,album,155.1,staged,More Bad Miles Of Road,CLEAN (6 unverified),Template: https://docs.google.com/document/d/1myGAWbTOJJC1gYyRlqEcJ0OBcvDi0BWozjcojkvilE4/edit,2026-10-04,2026-10-04 (full album),2026-06-20,Little Barrie,yes,2026-10-04,https://music.youtube.com/playlist?list=OLAK5uy_nEtGVpc9D7Z-O7Xkm9imefHPVsi8V--88,https://easyeyesound.com
,Yard Act,Redeemer,Republic,2026-05-07,single,152.0,staged,Redeemer,FCC fuck x1 shit x2,,,,2026-06-20,Yard Act,,2026-10-04,https://music.youtube.com/playlist?list=OLAK5uy_lRMD_050gzM4ZEZv4TnttHQdIPAtC57EI,https://www.republicrecords.com
x,Dread Spectre Council,Thetans,Handmade Records,2026-03-29,album,128.0,staged,Hex's Up,UNVERIFIED (all),Template: https://docs.google.com/document/d/1QI92WK7LL15J7xBmXRKunRo8Z7cXa5A3EFvMMGp_dlo/edit,2026-10-04,2026-10-04 (full album),2026-05-06,Dread Spectre Council,yes,2026-10-04,https://music.youtube.com/playlist?list=OLAK5uy_lpw0c6MF8DqLjsdkFLh3fo8JyiszMmYic,https://handmaderecs.bandcamp.com
,Little Barrie,Luggin' Hurt,Easy Eye Sound,2026-04-23 (verify),single,125.1,staged,,,,,,2026-05-06,Little Barrie,,2026-10-04,https://music.youtube.com/playlist?list=OLAK5uy_n5EZ-6cMal35m9pgs1Aymr8gWwPVW4dC4,https://easyeyesound.com
,Widowspeak,Roses,Captured Tracks,2026-06-05,album,118.3,staged,,,,,,2026-06-19,Widowspeak,,2026-10-04,https://music.youtube.com/playlist?list=OLAK5uy_nILFwjwCSQrHNzMIsIp3q3QQ8ADXc3mww,https://capturedtracks.com
x,Sluice,Companion,Mtn Laurel Recording Co.,2026-03-27,album,112.9,staged,Beadie,FCCs 3.4.6.10,Template: https://docs.google.com/document/d/15UOGddOzcdXMiRaMbeYkPk4KdrC8Cza47o5XogoKEHk/edit,2026-10-04,2026-10-04 (full album),2026-03-30,Sluice,yes,2026-10-04,https://music.youtube.com/playlist?list=OLAK5uy_nTldr4q-VbaBwpj-0Op0b-WCrHUBcaK-o,https://bandcamp.com/search?q=Mtn%20Laurel%20Recording%20Co.&item_type=b
,Sylvan Esso,Hot Slob,Psychic Hotline,2026-06-10,single,110.1,staged,Hot Slob,FCC fuck x3,,,,2026-06-19,Sylvan Esso,yes,2026-10-04,https://music.youtube.com/playlist?list=OLAK5uy_l2JTa_CGXQRSUXhVFbTxrDZZBg9MTvnRk,https://bandcamp.com/search?q=Psychic%20Hotline&item_type=b
,The New Pornographers,Votive,Merge Records,2026-01-21,single,88.3,staged,Votive,CLEAN,,,,2026-02-09,,,2026-10-04,https://music.youtube.com/playlist?list=OLAK5uy_knHzur0HcDFk7DH7DNqyIegAJ0fcYgC60,https://www.mergerecords.com
,The New Pornographers,The Former Site Of,Merge Records,2026-03-27,album,88.3,A-File add (already reviewed),,,,,,2026-04-10,,,2026-10-04,https://music.youtube.com/playlist?list=OLAK5uy_nJACNLRBsCGPsw4Su0wL3hQy2K8GHoo_U,https://www.mergerecords.com
,Other Lives,Sheerar Sessions,Play It Again Sam,2026-05-22,album,81.0,staged,,,,,,2026-06-20,,,2026-10-04,https://music.youtube.com/playlist?list=OLAK5uy_kfTDWEdc38YJ22xnRgboNiihAmChem2ro,https://www.playitagainsam.net
,Annabelle Chairlegs,Waking Up,label TBD,2026-01-30,album,75.6,staged,,,,,,2026-02-09,Annabelle Chairlegs,,2026-10-04,https://music.youtube.com/playlist?list=OLAK5uy_mzmVUk6QISpaG9tguf5-GlvKNBdULSPj0,https://bandcamp.com/search?q=Annabelle%20Chairlegs&item_type=b
,Iceage,For Love of Grace & the Hereafter,Mexican Summer,2026-05-29,album,73.5,staged,,,,,,2026-06-19,Iceage,,2026-10-04,https://music.youtube.com/playlist?list=OLAK5uy_nHAuoOPJTLEULwYg_DQ12FOBPWv_jj5mM,https://mexicansummer.com
,Eric McEntee,I'm Not Bothered By The Rain,Pacific Union,2024-02-23 (verify),single,72.0,staged,,,,,,2026-02-27,,,2026-10-04,https://music.youtube.com/playlist?list=OLAK5uy_mzUjrYKbb5y8KR9J9R-f54y7YlgbQHkjY,https://bandcamp.com/search?q=Pacific%20Union&item_type=b
,HUGERNAUT,Circulator,Azzliff Records,2026-03-02 (verify),album,72.0,staged,,,,,,2026-03-30,,,2026-10-04,https://music.youtube.com/playlist?list=OLAK5uy_kZv2Hwr8YzGDqAE12gqdED6n-SAZsNjwU,https://bandcamp.com/search?q=Azzliff%20Records&item_type=b
,Kill Chicago,The Next,Self-Released,2026-06-02 (verify),album,72.0,staged,,,,,,2026-06-19,,,2026-10-04,https://music.youtube.com/playlist?list=OLAK5uy_m2BqoNJ4xK20KK3urN_8cGiARyR40lju0,https://bandcamp.com/search?q=Kill%20Chicago&item_type=b
,Twin Peaks,Down In Heaven (10th Anniversary Edition),Grand Jury,2026-05-22 (verify),album,72.0,staged,,,,,,2026-06-19,,,2026-10-04,https://music.youtube.com/playlist?list=OLAK5uy_lECjofHrmhok1uSTZVKv9XvtgC-Bep_a8,https://grandjurymusic.com
,Sunglaciers,Spiritual Content,Mothland,2026-03-27,album,70.6,staged,,,,,,2026-03-30,,,2026-10-04,https://music.youtube.com/playlist?list=OLAK5uy_mlQLeOfCKOFU09JWjsi94JbViM8rxuFXE,https://www.mothland.com
,Cigarettes After Sex,Twizzler,Partisan Records,2026-05-19 (verify),single,66.1,staged,Twizzler,CLEAN,,,,2026-06-20,Cigarettes After Sex,,2026-10-04,https://music.youtube.com/watch?v=UrSKhNkbsM8,https://partisanrecords.com
,Richie Owens,Redemption,Owepar Records,2025-10-10 (verify),album,63.5,staged,,,,,,2026-02-27,,,2026-10-04,https://music.youtube.com/playlist?list=OLAK5uy_kbAcfJJw3VOh0Lb3qZKnBGqRb_qAL-ayU,https://bandcamp.com/search?q=Owepar%20Records&item_type=b
,Juliana Hatfield,Lightning Might Strike,American Laundromat Records,2025-12-12,album,61.8,staged,,,,,,2026-01-17,Juliana Hatfield,,2026-10-04,https://music.youtube.com/playlist?list=OLAK5uy_kqu9hvKRVJPp0CqA2LutzGLf3Ct-HYMFU,https://bandcamp.com/search?q=American%20Laundromat%20Records&item_type=b
,Brother Wallace,Electric Love,ATO,2026-05-08,album,61.8,staged,,,,,,2026-06-20,,,2026-10-04,https://music.youtube.com/playlist?list=OLAK5uy_l7wLkvSHLLbR_XQRyWfw0qG8BHhRueCnE,https://www.atorecords.com
,GALVEZTON,Ocean Cabaret,La Izquierda,2026-04-03,album,61.0,staged,,,,,,2026-04-10,,,2026-10-04,https://music.youtube.com/search?q=GALVEZTON%20Ocean%20Cabaret,https://bandcamp.com/search?q=La%20Izquierda&item_type=b
,Population II,Gimmicks,Bonsound,2026-04-03,EP,60.0,staged,,,,,,2026-04-10,,,2026-10-04,https://music.youtube.com/playlist?list=OLAK5uy_m5szVaoAyXHGRaNnLUZh94JYG5SJjOHZg,https://www.bonsound.com
,Ben Auld,Loserdom,Repeating Cloud,2026-04-01 (verify),album,59.0,staged,,,,,,2026-06-19,,,2026-10-04,https://music.youtube.com/playlist?list=OLAK5uy_lNmh_KkITR_pFY6rytgkR3_rcAQmBHWKg,https://bandcamp.com/search?q=Repeating%20Cloud&item_type=b
,Temporary Blessings,Sumbisori,College of Knowledge,2025-12-05 (verify),album,58.7,staged,,,,,,2026-01-17,,,2026-10-04,https://music.youtube.com/playlist?list=OLAK5uy_kThSlmCpcDPvyyy0w2grcVIdot4IPgHzQ,https://collegeofknowledgerecords.kudosrecords.co.uk
,Hovvdy,Try Try Try,Arts & Crafts,2026-05-13,single,57.3,staged,Try Try Try,CLEAN,,,,2026-06-20,Hovvdy,,2026-10-04,https://music.youtube.com/watch?v=PS4WMDhV2As,https://arts-crafts.ca
,KNEECAP,FENIAN,[PIAS],2026-05-01,album,56.1,staged,,,,,,2026-06-20,,,2026-10-04,https://music.youtube.com/playlist?list=OLAK5uy_nrKERo_Um4HVq1HFxqKuNRYi0rXJv7YYo,https://www.pias.com
,Nora Kelly Band,So Wrong For So Long,Mint Records,2026-05-22 (verify),album,52.2,staged,,,,,,2026-06-20,,,2026-10-04,https://music.youtube.com/playlist?list=OLAK5uy_kh4D6Gvg8URyau1kHTq9U4pxMTris6tQE,https://mintrecs.com
,Brother Wallace,Gone With The Wind,ATO,2026-02-24,single,51.8,staged,,,,,,2026-02-27,,,2026-10-04,https://music.youtube.com/playlist?list=OLAK5uy_l6CQS29eeLiiE9yK0FGvITALbuqfg7W4k,https://www.atorecords.com
,Brother Wallace,Who Do You Love?,ATO,2026-03-31 (verify),single,51.8,staged,,,,,,2026-04-10,,,2026-10-04,https://music.youtube.com/playlist?list=OLAK5uy_nt3btrWD8NElxgB3HIW8N0TpgWXQPRQ8Q,https://www.atorecords.com
,Chinese American Bear,Dim Sum and Then Some,Moshi Moshi,2026-05-08,album,50.8,staged,,,,,,2026-06-20,,,2026-10-04,https://music.youtube.com/watch?v=wFPSEMLWGJs,https://www.moshimoshimusic.com
,Beth Orton,Waiting,Partisan Records,2026-04-20,single,50.5,staged,Waiting,CLEAN,,,,2026-05-06,Beth Orton,,2026-10-04,https://music.youtube.com/playlist?list=OLAK5uy_ldNQ-76iiuHOzDJOTZp6VE_0XMcITWSiQ,https://partisanrecords.com
,The Naked Sun,Mirror in The Hallway,Mothland (verify),2026-01-30,album,49.5,staged,,,,,,2026-06-20,,,2026-10-04,https://music.youtube.com/playlist?list=OLAK5uy_kCN9-UNeVTOo6KCCPpCiICkwO4VRQ1qgU,https://bandcamp.com/search?q=Mothland&item_type=b
,Las Cruxes,Las Cruxes,Million Stars,2026-04-24,album,48.2,staged,,,,,,2026-05-06,,,2026-10-04,https://music.youtube.com/playlist?list=OLAK5uy_nwaJgfCIcl48KbZnGsQDRtrxXkpIPGSnU,https://www.millionstarsrecords.com
,Ritt Momney,BASE,Self-released,2026-02-27,album,47.2,staged,,,,,,2026-02-27,,,2026-10-04,https://music.youtube.com/playlist?list=OLAK5uy_kwG2iBe8j8QWn206l-uxJN1QRRNQtp8vA,https://bandcamp.com/search?q=Ritt%20Momney&item_type=b
,José González,Against the Dying of the Light,Mute,2026-01-13,single,46.6,staged,,,,,,2026-01-17,,,2026-10-04,https://music.youtube.com/playlist?list=OLAK5uy_nw_09jsPL1CLXq-nmYVOMhUja7lxNPenk,https://mute.com
,Paper Pools,Everything,Self-released,2026-05-29,album,46.4,staged,,,,,,2026-06-20,,,2026-10-04,https://music.youtube.com/playlist?list=OLAK5uy_n6wNs2kuXm8qnMdmVWe-xVxKFR6v28kJM,https://bandcamp.com/search?q=Paper%20Pools&item_type=b
,Teenage Fanclub,Do Not Dare To Dream,Merge Records,2026-10-09,album,,new release (Tuesday sweep Oct. 4); not in library,Day In The Sun,CLEAN,Triple Shot artist Oct. 8. There Was You added to Weekly.,,,,Teenage Fanclub,yes,2026-10-04,https://music.youtube.com/playlist?list=OLAK5uy_mkE-3ESibEqZ4GH0-3Ql-syKeH8e5htuM,https://www.mergerecords.com
,Imperial Teen,All Over You,Merge Records,2026-10-09,album,,new release (Tuesday sweep Oct. 4); not in library,Overdrive,CLEAN,"Seventh album. Bottom of the Hill, S.F., Oct. 15.",,,,Imperial Teen,,2026-10-04,https://music.youtube.com/playlist?list=OLAK5uy_l6R0ClJ8UeFJtUwL8uJas6QUtlMphjfu0,https://www.mergerecords.com
,Jess Williamson,A Mile South of Heaven,New West Records,2026-10-09 (verify),album,,new release (Tuesday sweep Oct. 4); not in library,Goodbye to All That,CLEAN,,,,,,,2026-10-04,https://music.youtube.com/playlist?list=OLAK5uy_nILF1-TE2BunGNlWBfD-tAsrkUOc_uomc,https://www.newwestrecords.com
,Death Valley Girls,Welcome to Earth,Suicide Squeeze Records,2026-10-09 (verify),album,,new release (Tuesday sweep Oct. 4); not in library,Message From the Venus Flower,CLEAN,Basic Witch already on Weekly.,,,,Death Valley Girls,,2026-10-04,https://music.youtube.com/playlist?list=OLAK5uy_kS8rEAqJXH_McdAgn1cbuKiItpaA54Yis,https://suicidesqueeze.net
,Johnny Marr,The Age of Everything,Bmg,2026-10-02,album,,new release (Tuesday sweep Oct. 4); not in library,Spin,CLEAN,Fifth solo album (New Voodoo under license to BMG).,,,,,,2026-10-04,https://music.youtube.com/playlist?list=OLAK5uy_l4MBMV604OggSNvjs03_7Eww-7I9sVBEk,https://www.bmg.com
,Greg Freeman,All Set The Bone,Transgressive (not in ZK),2026-10-02 (verify),album,,new release (Tuesday sweep Oct. 4); not in library,Cahokia,FCC: Cahokia (FCC Edit Needed),Indu aired Oct. 1.,,,,Greg Freeman,yes,2026-10-04,https://music.youtube.com/playlist?list=OLAK5uy_lNDE-BGMDd3hWFp-iUPnh_vzjfRTUV2nA,https://www.transgressiverecords.com
,Stef Chura,Dancing Alone on the Concrete,Saddle Creek,2026-10-02 (verify),album,,new release (Tuesday sweep Oct. 4); not in library,Danny,CLEAN,"Opens for Dinosaur Jr., Oct. 18 and 19.",,,,Stef Chura,,2026-10-04,https://music.youtube.com/playlist?list=OLAK5uy_nuK-r4mWaXMXhf_X2XX_oUArGVPg64sAU,https://saddle-creek.com
,Wishy,Nature's Pill,Winspear,2026-10-02 (verify),album,,new release (Tuesday sweep Oct. 4); not in library,Lovesick,CLEAN,,,,,,,2026-10-04,https://music.youtube.com/playlist?list=OLAK5uy_nLBGVn11u_I6Oa7UAyGwk11mNnV3jjHIg,https://winspear.biz
,Protomartyr,Hotel Usona,Domino,2026-09-25 (verify),album,,new release (Tuesday sweep Oct. 4); not in library,Sounds We Cannot Hear,CLEAN,,,,,,,2026-10-04,https://music.youtube.com/playlist?list=OLAK5uy_muldq01GdCHZ0wCslD8Nbm3IWv4riLSG0,https://www.dominomusic.com
,Blondshell,Violins,Partisan Records,2026-09-25,album,,new release (Tuesday sweep Oct. 4); not in library,Heart Has To Work So Hard,CLEAN,Third album.,,,,,,2026-10-04,https://music.youtube.com/playlist?list=OLAK5uy_mHDG2fHDjpfFqKqiOnnBIDwups7fREWOU,https://partisanrecords.com
,Julia Jacklin,The Gem,4AD,2026-09-25 (verify),album,,new release (Tuesday sweep Oct. 4); not in library,Get Away From Me (I Think I'll Love You Soon),CLEAN,If I Had The Hand Of God aired.,,,,Julia Jacklin,yes,2026-10-04,https://music.youtube.com/playlist?list=OLAK5uy_mTMF1ODzR_tzSpTuaD88LSkJcEqyMlmTM,https://4ad.com
,Renny Conti,Split Second,Mom + Pop,2026-09-25 (verify),album,,new release (Tuesday sweep Oct. 4); not in library,Mona Lisa,CLEAN,"San Francisco, 2005 aired.",,,,Renny Conti,yes,2026-10-04,https://music.youtube.com/playlist?list=OLAK5uy_mpumMfUJFiluxXH2JCdo8ShlSWM_VlsJo,https://www.momandpopmusic.com
,Courtney Barnett,Creature of Habit,Mom + Pop,2026-03-27,album,,new release (Tuesday sweep Oct. 4); not in library,One Thing At A Time,CLEAN,Stace added One Thing At A Time to the Oct. 8 Air Order.,,,,Courtney Barnett,yes,2026-10-04,https://music.youtube.com/search?q=Courtney+Barnett+Creature+of+Habit,https://www.momandpopmusic.com
