"Dirty Three","Sue's Last Ride","Ocean Songs","479718","Touch and Go",""
"Broadcast","Come On Let's Go","The Noise Made by People","550684","Warp Records",""
"Big Star","September Gurls","Radio City","393926","Ardent Records",""
"Richard Hell & the Voidoids","Blank Generation","Blank Generation","951566","Sire Records",""
"Swans","The End of Forgetting (Live)","Newly Sentient Being","","Young God Records",""
"Fontaines D.C.","Marianne","Dopamine Chamber","","Xl Recordings",""
"Morphine","Cocoon","Cocoon","","Partisan Records",""
"Hermanos Gutiérrez","Los Ojos Del Cóndor","Los Ojos Del Cóndor","","Easy Eye Sound",""
"Mandrake Handshake","The Tether / Modulo 5","Laputa","","Tip Top Recordings",""
"Little Barrie","Luggin' Hurt","Gravity Freeze","","Easy Eye Sound",""
"Tom Waits","The Piano Has Been Drinking (Not Me)","Small Change","900144","Asylum Records",""
"Cowboy Junkies","State Trooper","Whites Off Earth Now!!","2721","Latent Recordings",""
"The Psychedelic Furs","All That Money Wants","All of This and Nothing","914802","Columbia",""
"Depeche Mode","Stripped","Black Celebration","3115","Sire Records (Modern)",""
"New Order","Bizarre Love Triangle","Brotherhood","935489","Qwest",""
"Stevie Wonder","I Wish","Songs in the Key of Life","1023758","Motown Records",""
"Palace","Made My Bed","Ox","","Awal",""
"Lex Walton","Adrian Borland Will Have His Revenge On London","Ultimate Love Forever","","Sub Pop Records",""
"Lucy Dacus","Planting Tomatoes","Planting Tomatoes","","Geffen Records",""
"Sharp Pins","How Can I Explain What She Does to Me?","Electric My Icebox (EP)","","K Records",""
"Julia Jacklin","If I Had the Hand of God","The Gem","","4AD",""
"This Is Lorelei","Hey Sarah Is It Gonna Rain Forever","The Singer in My Band","","Matador Records",""
"Deerhoof","Sun Like It Hot","Divine Schism","","Self-Release",""
"Sly & the Family Stone","Dance to the Music","Dance to the Music","","Epic Records",""
"Renny Conti","San Francisco 2005","Split Second","","Mom + Pop",""
"American Music Club","Johnny Mathis' Feet","Mercury","93068","Reprise Records (Modern)",""
"Foxygen","San Francisco","We Are the 21st Century Ambassadors of Peace & Magic","1026706","Jagjaguwar",""
"Fruit Bats","When U Love Somebody","Mouthfuls","699509","Sub Pop Records",""
"Interpol","See Out Loud","See Out Loud b/w This Mirror Weighs A Ton (single)","","Partisan Records",""
"Swervedriver","Rave Down","Raise","9122","Creation Records",""
"Joy Division","She's Lost Control (2019 Digital Master)","Unknown Pleasures (Collector's Edition)","861599","Rhino Records",""
"Greg Freeman","Indu","All Set the Bone","","Transgressive",""
"The Fall","Mr. Pharmacist","Bend Sinister","","Beggars Banquet",""
"Westside Cowboy","You Could Have Died There On The Dancefloor","It Goes On","","Island Records",""
"Krill","Dominate","Secret Language","","Exploding In Sound",""
"Fuzz","Sleigh Ride","Fuzz","1045167","In the Red Records",""
"Yard Act","Over The Barrel","You're Gonna Need A Little Music","","Republic Records",""
"SOFT PLAY","Everything and Nothing","HEAVIER JELLY","","Bmg",""
"Gurriers","Nobody's Coming to Save You","Nobody's Coming to Save You","","Pias Recordings",""
"Gilla Band","Alogia","Pugnello","","Rough Trade",""
"Queens of the Stone Age","Where the Goth Girls At?","Perfecth","","Matador Records",""
