"Queens of the Stone Age","Where the Goth Girls At?","Perfecth","","Matador Records",""
"Protomartyr","Exalted Eagles","Hotel Usona","","Domino",""
"Gilla Band","Alogia","Pugnello","","Rough Trade",""
"Gurriers","Nobody's Coming to Save You","Nobody's Coming to Save You","","[PIAS]",""
"Silver Jews","Pet Politics","The Natural Bridge","","Drag City",""
"Fuzz","Sleigh Ride","Fuzz","","In the Red Records",""
"Sebadoh","Beauty of the Ride (Alternate Version)","Harmacy (30th Anniversary Expanded)","","Sub Pop Records",""
"Krill","Dominate","Secret Language","","Exploding in Sound",""
"Stef Chura","Danny","Dancing Alone on the Concrete","","Saddle Creek",""
"Greg Freeman","Indu","All Set the Bone","","Transgressive",""
"Pink Floyd","Flaming","The Piper at the Gates of Dawn","","Columbia (EMI)",""
"The Fall","Mr. Pharmacist","Bend Sinister","","Beggars Banquet",""
"Radiohead","Reckoner","In Rainbows","","XL Recordings",""
"Jimi Hendrix Experience","Killing Floor","BBC Sessions","","MCA / Experience Hendrix",""
"Swervedriver","Rave Down","Raise (35th Anniversary)","","Creation",""
"Killing Joke","Wardance","Killing Joke","","E.G.",""
"Fruit Bats","When U Love Somebody","Absolute Loser","","Merge Records",""
"The Reds, Pinks & Purples","(pick from True Love Daydream)","True Love Daydream","","",""
"Renny Conti","San Francisco 2005","Split Second","","Mom+Pop",""
"American Music Club","Rise","Everclear","","Alias",""
"Fleetwood Mac","Tusk","Tusk","","Warner Bros. Records",""
"Grateful Dead","The Golden Road (To Unlimited Devotion)","The Grateful Dead","","Warner Bros. Records",""
"Sly & the Family Stone","Dance to the Music","Dance to the Music","","Epic",""
"Deerhoof","Sun Like It Hot","Divine Schism","","self-released",""
"Julia Jacklin","If I Had the Hand of God","The Gem","","4AD",""
"Blondshell","Violins","Violins","","Partisan Records",""
"Sharp Pins","How Can I Explain What She Does to Me?","Electric My Icebox (EP)","","K / Perennial",""
"Lex Walton","Adrian Borland Will Have His Revenge On London","Ultimate Love Forever","","Sub Pop Records",""
"Wishy","Mona Lisa","Nature's Pill","","Winspear",""
"Teenage Fanclub","Day in the Sun","Do Not Dare to Dream","","Merge Records",""
"Johnny Marr","Spin","The Age of Everything","","BMG",""
"The Smiths","Last Night I Dreamt That Somebody Loved Me","Strangeways, Here We Come","","Rough Trade",""
"Stevie Wonder","I Wish","Songs in the Key of Life","","Tamla",""
"New Order","Bizarre Love Triangle","Brotherhood","","Factory",""
"Iggy Pop","Real Wild Child (Wild One)","Blah-Blah-Blah","","A&M",""
"Cowboy Junkies","State Trooper","Whites Off Earth Now!!","","Latent",""
"Tom Waits","The Piano Has Been Drinking (Not Me)","Small Change","","Asylum (reissue: Anti-)",""
"Beck","Nausea","The Information","","Interscope Records",""
"Pixies","Caribou","Come On Pilgrim","","4AD",""
"Deathchant","Enemy","KOVA","","RidingEasy",""
"SLIFT","The Day of Execution","Fantasia","","Sub Pop Records",""
"Mandrake Handshake","The Tether / Modulo 5","Laputa","","Tip Top",""
"Hermanos Gutiérrez","Los Ojos Del Cóndor","Los Ojos Del Cóndor","","Easy Eye Sound",""
"Death Valley Girls","Basic Witch","Welcome to Earth","","Suicide Squeeze Records",""
"Fontaines D.C.","Marianne","Dopamine Chamber","","XL Recordings",""
"Morphine","Cocoon","Cocoon","","Partisan Records",""
"Swans","The End of Forgetting (Live)","Newly Sentient Being","","Young God Records",""
"Richard Hell & the Voidoids","Blank Generation","Blank Generation","","Sire Records",""
"Big Star","September Gurls","Radio City","","Ardent",""
"Billy Bragg & Wilco","California Stars","Mermaid Avenue","","Elektra",""
"Israel Nash","You Ain't Going Nowhere","Sweetheart of the Rodeo","","",""
"Broadcast","Come On Let's Go","The Noise Made by People","","Warp",""
"Dirty Three","Sue's Last Ride","Ocean Songs","","Touch and Go Records",""
