Request (x),Fit,Artist,Title,Type,Label,Email date,Plays artist,Single aired,Status,Lead track,FCC status,Notes,Boilerplate done,Added to To Review,Added
,48.4,Go Public,You Are Traffic,album,Happy Happy Birthday To Me,2026-09-21,,,promo (md@ list); not in library,,,"Adds 9/22. RIYL IDLES, Dry Cleaning, Parquet Courts.",,,2026-10-05
,37.6,The Van Pelt,Remain Obscure,album,Ernest Jenning,2026-09-28,,,promo (md@ list); not in library,,,"Adds 9/29. RIYL Slint, Television, Interpol.",,,2026-10-05
,31.1,Taylor Ashton,Susanna b/w Last Time You Saw Me,single,Birthday Cake,2026-10-01,,,promo (md@ list); not in library,Susanna,,"Adds 10/6. RIYL Andrew Bird, Iron & Wine.",,,2026-10-05
,18.9,Gabriella Olivo,Reflexiones,album,Duprince,2026-10-01,,,promo (md@ list); not in library,,,"Adds 10/6. RIYL Beach House, Alex G.",,,2026-10-05
,,Dinosaur Jr.,There Near,album,Jagjaguwar,,Dinosaur Jr.,yes,NACC #3; not in library,Several Got Away,,Core artist. College chart crossover.,,,2026-10-05
,,This Is Lorelei,The Singer in My Band,album,Matador Records,,This Is Lorelei,yes,NACC #12; not in library,Billy Came Back,CLEAN,Core artist. Out Sept. 11.,,,2026-10-05
,,Sharp Pins,Mod Mayday 23,album,Perennial/K Records,,Sharp Pins,yes,NACC #15; not in library,Tonight's The Night,,Core artist.,,,2026-10-05
,,Westside Cowboy,It Goes On,album,Slow Play/Island,,,,NACC #11; not in library,Kick Stones (The Boys),,Review draft already in KZSU-Album-Reviews.,,,2026-10-05
,,Hovvdy,Big World,album,Arts & Crafts,,Hovvdy,yes,NACC #32; not in library,Life So Wide,,Single Try Try Try is in the Oct. 8 plan.,,,2026-10-05
,,Yard Act,You're Gonna Need A Little Music,album,Republic,,Yard Act,,NACC #41; not in library,You're Gonna Need A Little Music,,Single Redeemer is on the shelf.,,,2026-10-05
,,Sylvan Esso,Ow Infinity,album,Psychic Hotline,,Sylvan Esso,yes,NACC #7; not in library,,,Single Hot Slob is on the shelf.,,,2026-10-05
,,Fontaines D.C.,Marianne,single,XL,,,,NACC #17; not in library,Marianne,,,,,2026-10-05
FALSE,253.8,Guided By Voices,Crawlspace of the Pantheon,album,GBV Inc.,2026-06-20,Guided By Voices,yes,staged,,,,,,2026-10-04
FALSE,165.5,Interpol,See Out Loud b/w This Mirror Weighs A Ton,single,Partisan Records,2026-06-19,Interpol,,staged,,,,,,2026-10-04
FALSE,157.4,Mitski,Nothing's About to Happen to Me,album,Dead Oceans,2026-03-30,Mitski,yes,A-File add (already reviewed),,,,,,2026-10-04
FALSE,155.1,Little Barrie,Gravity Freeze,album,Easy Eye Sound/Concord,2026-06-20,Little Barrie,yes,staged,,,,,,2026-10-04
FALSE,152.0,Yard Act,Redeemer,single,Republic,2026-06-20,Yard Act,,staged,,,,,,2026-10-04
FALSE,128.0,Dread Spectre Council,Thetans,album,Handmade,2026-05-06,Dread Spectre Council,yes,staged,,,,,,2026-10-04
FALSE,125.1,Little Barrie,Luggin' Hurt,single,Easy Eye Sound / Concord,2026-05-06,Little Barrie,,staged,,,,,,2026-10-04
FALSE,118.3,Widowspeak,Roses,album,Captured Tracks,2026-06-19,Widowspeak,,staged,,,,,,2026-10-04
FALSE,112.9,Sluice,Companion,album,Mtn. Lauren,2026-03-30,Sluice,yes,staged,,,,,,2026-10-04
FALSE,110.1,Sylvan Esso,Hot Slob,single,Psychic Hotline,2026-06-19,Sylvan Esso,yes,staged,,,,,,2026-10-04
FALSE,88.3,The New Pornographers,Votive,single,Merge,2026-02-09,,,staged,,,,,,2026-10-04
FALSE,88.3,The New Pornographers,The Former Site Of,album,Merge Records,2026-04-10,,,A-File add (already reviewed),,,,,,2026-10-04
FALSE,81.0,Other Lives,Sheerar Sessions,album,Play It Again Sam,2026-06-20,,,staged,,,,,,2026-10-04
FALSE,75.6,Annabelle Chairlegs,Waking Up,album,TODO,2026-02-09,Annabelle Chairlegs,,staged,,,,,,2026-10-04
FALSE,73.5,Iceage,For the Love of Grace & the Hereafter,album,Mexican Summer,2026-06-19,Iceage,,staged,,,,,,2026-10-04
FALSE,72.0,Eric McEntee,I'm Not Bothered By The Rain,single,Pacific Union,2026-02-27,,,staged,,,,,,2026-10-04
FALSE,72.0,HUGERNAUT,Circulator,album,Azzliff Records,2026-03-30,,,staged,,,,,,2026-10-04
FALSE,72.0,Kill Chicago,The Next,album,Self-Released,2026-06-19,,,staged,,,,,,2026-10-04
FALSE,72.0,Twin Peaks,Down In Heaven (10th Anniversary Edition),album,Grand Jury,2026-06-19,,,staged,,,,,,2026-10-04
FALSE,70.6,Sunglaciers,Spiritual Content,album,Mothland,2026-03-30,,,staged,,,,,,2026-10-04
FALSE,66.1,Cigarettes After Sex,Twizzler,single,Partisan Records,2026-06-20,Cigarettes After Sex,,staged,,,,,,2026-10-04
FALSE,63.5,Richie Owens,Redemption,album,Owepar Records,2026-02-27,,,staged,,,,,,2026-10-04
FALSE,61.8,Juliana Hatfield,Lightning Might Strike,album,American Laundromat Records,2026-01-17,Juliana Hatfield,,staged,,,,,,2026-10-04
FALSE,61.8,Brother Wallace,Electric Love,album,ATO,2026-06-20,,,staged,,,,,,2026-10-04
FALSE,61.0,GALVEZTON,Ocean Cabaret,album,La Izquierda,2026-04-10,,,staged,,,,,,2026-10-04
FALSE,60.0,Population II,Gimmicks,album,Bonsound,2026-04-10,,,staged,,,,,,2026-10-04
FALSE,59.0,Ben Auld,Loserdom,album,Repeating Cloud,2026-06-19,,,staged,,,,,,2026-10-04
FALSE,58.7,Temporary Blessings,Sumbisori,album,College of Knowledge,2026-01-17,,,staged,,,,,,2026-10-04
FALSE,57.3,Hovvdy,Try Try Try,single,Arts & Crafts,2026-06-20,Hovvdy,,staged,,,,,,2026-10-04
FALSE,56.1,KNEECAP,FENIAN,album,[PIAS],2026-06-20,,,staged,,,,,,2026-10-04
FALSE,52.2,Nora Kelly Band,So Wrong For So Long,album,Mint Records,2026-06-20,,,staged,,,,,,2026-10-04
FALSE,51.8,Brother Wallace,Gone With The Wind,single,ATO,2026-02-27,,,staged,,,,,,2026-10-04
FALSE,51.8,Brother Wallace,Who Do You Love?,single,ATO,2026-04-10,,,staged,,,,,,2026-10-04
FALSE,50.8,Chinese American Bear,Dim Sum and Then Some,album,Moshi Moshi,2026-06-20,,,staged,,,,,,2026-10-04
FALSE,50.5,Beth Orton,Waiting,single,Parisan Records,2026-05-06,Beth Orton,,staged,,,,,,2026-10-04
FALSE,49.5,The Naked Sun,Mirror in The Hallway,album,Mothland,2026-06-20,,,staged,,,,,,2026-10-04
FALSE,48.2,Las Cruxes,Las Cruxes,album,Million Stars,2026-05-06,,,staged,,,,,,2026-10-04
FALSE,47.2,Ritt Momney,BASE,album,Self-released,2026-02-27,,,staged,,,,,,2026-10-04
FALSE,46.6,José González,Against the Dying of the Light,single,Mute,2026-01-17,,,staged,,,,,,2026-10-04
FALSE,46.4,Paper Pools,Everything,album,Self-Released,2026-06-20,,,staged,,,,,,2026-10-04
