Review template,Fit,Artist,Title,Type,Label,Email date,Plays artist,Single aired,Status
FALSE,253.8,Guided By Voices,Crawlspace of the Pantheon,album,GBV Inc.,2026-06-20,Guided By Voices,yes,staged
FALSE,165.5,Interpol,See Out Loud b/w This Mirror Weighs A Ton,single,Partisan Records,2026-06-19,Interpol,,staged
FALSE,157.4,Mitski,Nothing's About to Happen to Me,album,Dead Oceans,2026-03-30,Mitski,yes,A-File add (already reviewed)
FALSE,155.1,Little Barrie,Gravity Freeze,album,Easy Eye Sound/Concord,2026-06-20,Little Barrie,yes,staged
FALSE,152.0,Yard Act,Redeemer,single,Republic,2026-06-20,Yard Act,,staged
FALSE,128.0,Dread Spectre Council,Thetans,album,Handmade,2026-05-06,Dread Spectre Council,yes,staged
FALSE,125.1,Little Barrie,Luggin' Hurt,single,Easy Eye Sound / Concord,2026-05-06,Little Barrie,,staged
FALSE,118.3,Widowspeak,Roses,album,Captured Tracks,2026-06-19,Widowspeak,,staged
FALSE,112.9,Sluice,Companion,album,Mtn. Lauren,2026-03-30,Sluice,yes,staged
FALSE,110.1,Sylvan Esso,Hot Slob,single,Psychic Hotline,2026-06-19,Sylvan Esso,yes,staged
FALSE,88.3,The New Pornographers,Votive,single,Merge,2026-02-09,,,staged
FALSE,88.3,The New Pornographers,The Former Site Of,album,Merge Records,2026-04-10,,,A-File add (already reviewed)
FALSE,81.0,Other Lives,Sheerar Sessions,album,Play It Again Sam,2026-06-20,,,staged
FALSE,75.6,Annabelle Chairlegs,Waking Up,album,TODO,2026-02-09,Annabelle Chairlegs,,staged
FALSE,73.5,Iceage,For the Love of Grace & the Hereafter,album,Mexican Summer,2026-06-19,Iceage,,staged
FALSE,72.0,Eric McEntee,I'm Not Bothered By The Rain,single,Pacific Union,2026-02-27,,,staged
FALSE,72.0,HUGERNAUT,Circulator,album,Azzliff Records,2026-03-30,,,staged
FALSE,72.0,Kill Chicago,The Next,album,Self-Released,2026-06-19,,,staged
FALSE,72.0,Twin Peaks,Down In Heaven (10th Anniversary Edition),album,Grand Jury,2026-06-19,,,staged
FALSE,70.6,Sunglaciers,Spiritual Content,album,Mothland,2026-03-30,,,staged
FALSE,66.1,Cigarettes After Sex,Twizzler,single,Partisan Records,2026-06-20,Cigarettes After Sex,,staged
FALSE,63.5,Richie Owens,Redemption,album,Owepar Records,2026-02-27,,,staged
FALSE,61.8,Juliana Hatfield,Lightning Might Strike,album,American Laundromat Records,2026-01-17,Juliana Hatfield,,staged
FALSE,61.8,Brother Wallace,Electric Love,album,ATO,2026-06-20,,,staged
FALSE,61.0,GALVEZTON,Ocean Cabaret,album,La Izquierda,2026-04-10,,,staged
FALSE,60.0,Population II,Gimmicks,album,Bonsound,2026-04-10,,,staged
FALSE,59.0,Ben Auld,Loserdom,album,Repeating Cloud,2026-06-19,,,staged
FALSE,58.7,Temporary Blessings,Sumbisori,album,College of Knowledge,2026-01-17,,,staged
FALSE,57.3,Hovvdy,Try Try Try,single,Arts & Crafts,2026-06-20,Hovvdy,,staged
FALSE,56.1,KNEECAP,FENIAN,album,[PIAS],2026-06-20,,,staged
FALSE,52.2,Nora Kelly Band,So Wrong For So Long,album,Mint Records,2026-06-20,,,staged
FALSE,51.8,Brother Wallace,Gone With The Wind,single,ATO,2026-02-27,,,staged
FALSE,51.8,Brother Wallace,Who Do You Love?,single,ATO,2026-04-10,,,staged
FALSE,50.8,Chinese American Bear,Dim Sum and Then Some,album,Moshi Moshi,2026-06-20,,,staged
FALSE,50.5,Beth Orton,Waiting,single,Parisan Records,2026-05-06,Beth Orton,,staged
FALSE,49.5,The Naked Sun,Mirror in The Hallway,album,Mothland,2026-06-20,,,staged
FALSE,48.2,Las Cruxes,Las Cruxes,album,Million Stars,2026-05-06,,,staged
FALSE,47.2,Ritt Momney,BASE,album,Self-released,2026-02-27,,,staged
FALSE,46.6,José González,Against the Dying of the Light,single,Mute,2026-01-17,,,staged
FALSE,46.4,Paper Pools,Everything,album,Self-Released,2026-06-20,,,staged
