fit,artist,title,type,label,email_date,you_play_artist,riyl_matches,riyl,label_spins,in_outside_picks,recent_shows,single_aired,status,flags
258.0,Guided By Voices,Crawlspace of the Pantheon,album,GBV Inc.,2026-06-20,Guided By Voices,"Ty Segall, Car Seat Headrest, Wire, Big Star, Superchunk","Car Seat Headrest, Ty Segall, Bob Mould, Superchunk, Sebadoh, The Who, Big Star, Wire",41,,3,yes,staged,
166.3,Interpol,See Out Loud b/w This Mirror Weighs A Ton,single,Partisan Records,2026-06-19,Interpol,"Spoon, Fontaines D.C., The Strokes, the Walkmen, Franz Ferdinand","The Strokes, The Walkmen, TV On The Radio, Fontaines D.C., Metric, Franz Ferdinand, Spoon",113,,3,,staged,
159.1,Little Barrie,Gravity Freeze,album,Easy Eye Sound/Concord,2026-06-20,Little Barrie,"Ty Segall, The Black Keys, Foxygen, Allah-Las","The Black Keys, Ty Segall, Allah-Las, Oh Sees, Foxygen, The Mystery Lights",0,,2,yes,staged,
151.0,Mitski,Nothing's About to Happen to Me,album,Dead Oceans,2026-03-30,Mitski,"PJ Harvey, Cat Power, St. Vincent, Sharon Van Etten, Snail Mail","Sharon Van Etten, Cat Power, St. Vincent, PJ Harvey, Snail Mail",40,,2,yes,A-File add (already reviewed),
149.2,Yard Act,Redeemer,single,Republic,2026-06-20,Yard Act,"Queens of the Stone Age, IDLES, Viagra Boys, The Fall","shame, Queens of The Stone Age, IDLES, Viagra Boys, Fat Dog, The Fall",0,,5,,staged,
133.2,Dread Spectre Council,Thetans,album,Handmade,2026-05-06,Dread Spectre Council,"Built To Spill, Yo La Tengo, Swervedriver, Sebadoh","Built To Spill, Sebadoh, Yo La Tengo, Swervedriver, Dungen",0,,4,yes,staged,
129.1,Little Barrie,Luggin' Hurt,single,Easy Eye Sound / Concord,2026-05-06,Little Barrie,"Ty Segall, The Black Keys, Foxygen, Allah-Las","The Black Keys, Ty Segall, Allah-Las, Oh Sees, Foxygen, The Mystery Lights",0,,2,,staged,
110.7,Widowspeak,Roses,album,Captured Tracks,2026-06-19,Widowspeak,"Big Thief, Cat Power, Yo La Tengo, Mazzy Star","Mazzy Star, The Sundays, Yo La Tengo, Big Thief, Cat Power, The La’s",27,,2,,staged,
108.9,Sluice,Companion,album,Mtn. Lauren,2026-03-30,Sluice,"Bill Callahan, Hovvdy","Fust, Bill Callahan, Friendship, caroline, Hovvdy",0,,3,yes,staged,
102.8,Sylvan Esso,Hot Slob,single,Psychic Hotline,2026-06-19,Sylvan Esso,"Feist, Perfume Genius","Tune-Yards, Feist, Perfume Genius, Maggie Rogers, Vagabon, Little Dragon, Rostam, Jon Hopkins",0,,6,yes,staged,
94.0,The New Pornographers,Votive,single,Merge,2026-02-09,,"Spoon, Yo La Tengo, Belle And Sebastian, Destroyer, Wolf Parade","Broken Social Scene, Wolf Parade, Destroyer, Spoon, Belle & Sebastian, Yo La Tengo",157,,0,,staged,
94.0,The New Pornographers,The Former Site Of,album,Merge Records,2026-04-10,,"Spoon, Yo La Tengo, Belle And Sebastian, Destroyer, Wolf Parade","Broken Social Scene, Wolf Parade, Destroyer, Spoon, Belle & Sebastian, Yo La Tengo",157,,0,,A-File add (already reviewed),
77.9,Other Lives,Sheerar Sessions,album,Play It Again Sam,2026-06-20,,"Father John Misty, Beirut, Destroyer","Father John Misty, Destroyer, Midlake, Wye Oak, Fleet Foxes, Beirut",0,,0,,staged,
76.0,Iceage,For the Love of Grace & the Hereafter,album,Mexican Summer,2026-06-19,Iceage,"Fontaines D.C., Pavement","Pavement, Dean Blunt, Preoccupations, Fontaines D.C., Gang of Four",0,,1,,staged,
72.0,Eric McEntee,I'm Not Bothered By The Rain,single,Pacific Union,2026-02-27,,"Father John Misty, Bob Dylan, Kevin Morby, Michael Kiwanuka, Weyes Blood","Bob Dylan, Father John Misty, Cat Stevens, Michael Kiwanuka, Labi Siffre, Kevin Morby, Weyes Blood",0,,0,,staged,
72.0,HUGERNAUT,Circulator,album,Azzliff Records,2026-03-30,,"Guided By Voices, Geese, The Hives, The Fall","Guided by Voices, Beat Happening, The Hives, The Fall, Wipers, Geese",0,,0,,staged,
72.0,Twin Peaks,Down In Heaven (10th Anniversary Edition),album,Grand Jury,2026-06-19,,"Wilco, Fruit Bats, Kurt Vile, Parquet Courts, King Tuff","Wilco, Kurt Vile, Parquet Courts, King Tuff, Fruit Bats",0,,0,,staged,
70.0,Annabelle Chairlegs,Waking Up,album,TODO,2026-02-09,Annabelle Chairlegs,La Luz,"Best Coast, La Luz, Dum Dum Girls, L.A. Witch, produced by Ty Segall",0,,2,,staged,
69.5,Sunglaciers,Spiritual Content,album,Mothland,2026-03-30,,"Ty Segall, King Gizzard And The Lizard Wizard","King Gizzard & The Lizard Wizard, Post Animal, Psychedelic Porn Crumpets, Ty Segall",0,,0,,staged,
63.8,Richie Owens,Redemption,album,Owepar Records,2026-02-27,,"Guided By Voices, X, Dolly Parton","Dolly Parton, The Replacements, X, Guided By Voices, Tom Petty and The Heartbreakers, Sloan, Huey Lewis & The News, Wild Pink",0,,0,,staged,
63.2,Juliana Hatfield,Lightning Might Strike,album,American Laundromat Records,2026-01-17,,"Courtney Barnett, Angel Olsen, Pip Blom, Soccer Mommy, Jenny Lewis","Soccer Mommy, Liz Phair, Courtney Barnett, Angel Olsen, Alex Lahey, Jenny Lewis, Pip Blom, Best Coast",0,,0,,staged,
63.2,Cigarettes After Sex,Twizzler,single,Partisan Records,2026-06-20,Cigarettes After Sex,"Yo La Tengo, Alex G, Mazzy Star, Beach House, Slowdive","Beach House, Mazzy Star, Slowdive, Yo La Tengo, Men I Trust, Alex G, Alvvays",113,,0,,staged,
60.0,Population II,Gimmicks,album,Bonsound,2026-04-10,,Ty Segall,"Osees, Ty Segall, Unknown Mortal Orchestra, Kikagaku Moyo, Yoo Doo Right",0,,0,,staged,
60.0,Kill Chicago,The Next,album,Self-Released,2026-06-19,,"Queens of the Stone Age, The Strokes, The Clash","The Clash, Queens of the Stone Age, The Strokes, Foo Fighters, John Prine",0,,0,,staged,
59.5,Ben Auld,Loserdom,album,Repeating Cloud,2026-06-19,,"Guided By Voices, Teenage Fanclub","Teenage Fanclub, Guided By Voices, Tony Molina, Weezer’s",0,,0,,staged,
58.7,Brother Wallace,Electric Love,album,ATO,2026-06-20,,"Black Pumas, Leon Bridges, Michael Kiwanuka, Alabama Shakes","Black Pumas, Thee Sacred Souls, Alabama Shakes, Leon Bridges, Michael Kiwanuka",100,,0,,staged,
57.1,Hovvdy,Try Try Try,single,Arts & Crafts,2026-06-20,Hovvdy,"Wilco, MJ Lenderman, Real Estate, Alex G, Whitney","Whitney, Wilco, Wishy, Real Estate, Alex G, MJ Lenderman",0,,0,,staged,
57.0,Chinese American Bear,Dim Sum and Then Some,album,Moshi Moshi,2026-06-20,,"Caroline Rose, Gelli Haha","Saya Gray, Melody's Echo Chamber, Gelli Haha, Sunset Rollercoaster, Sycco, HONEYMOAN, TOPS, Caroline Rose",0,,0,,staged,
56.5,Temporary Blessings,Sumbisori,album,College of Knowledge,2026-01-17,,"Father John Misty, Khruangbin","BADBADNOTGOOD, Surprise Chef, L'Eclair, Khruangbin, NYChillharmonic, Father John Misty",0,,0,,staged,
55.5,KNEECAP,FENIAN,album,[PIAS],2026-06-20,,"Fontaines D.C., IDLES","Genesis Owusu, Sleaford Mods, Fontaines D.C., Fat Dog, IDLES",0,,0,,staged,
51.9,Nora Kelly Band,So Wrong For So Long,album,Mint Records,2026-06-20,,"Big Thief, Kurt Vile, Orville Peck, Pavement","Neko Case, Big Thief, Lucinda Williams, Pavement, Kurt Vile, Orville Peck",0,,0,,staged,
50.4,José González,Against the Dying of the Light,single,Mute,2026-01-17,Jose Gonzalez,"Devendra Banhart, Whitney, Bon Iver, Damien Jurado","Ben Howard, Whitney, Devendra Banhart, Fleet Foxes, Ray LaMontagne, Damien Jurado, Bon Iver",30,,0,,staged,
49.0,GALVEZTON,Ocean Cabaret,album,La Izquierda,2026-04-10,,"The Black Keys, Beck, Cage the Elephant, Jack White","Beck, Cage The Elephant, Black Keys, Jack White",0,,0,,staged,
48.7,Brother Wallace,Gone With The Wind,single,ATO,2026-02-27,,"Black Pumas, Leon Bridges, Michael Kiwanuka, Alabama Shakes","Black Pumas, Thee Sacred Souls, Alabama Shakes, Leon Bridges, Michael Kiwanuka",100,,0,,staged,
48.7,Brother Wallace,Who Do You Love?,single,ATO,2026-04-10,,"Black Pumas, Leon Bridges, Michael Kiwanuka, Alabama Shakes","Black Pumas, Thee Sacred Souls, Alabama Shakes, Leon Bridges, Michael Kiwanuka",100,,0,,staged,
47.3,The Naked Sun,Mirror in The Hallway,album,Mothland,2026-06-20,,"Wilco, My Morning Jacket, Bright Eyes","Old 97’s, Wilco, My Morning Jacket, Bright Eyes",0,,0,,staged,
47.0,Chinese American Bear,No No Yeah Yeah,single,Moshi Moshi,2026-01-17,,"Caroline Rose, Gelli Haha","Saya Gray, Melody's Echo Chamber, Gelli Haha, Sunset Rollercoaster, Sycco, HONEYMOAN, TOPS, Caroline Rose",0,,0,,staged,
47.0,Chinese American Bear,Turn up The Radio (把收音机开大点),single,Moshi Moshi,2026-04-10,,"Caroline Rose, Gelli Haha","Saya Gray, Melody's Echo Chamber, Gelli Haha, Sunset Rollercoaster, Sycco, HONEYMOAN, TOPS, Caroline Rose",0,,0,,staged,
46.4,Beth Orton,Waiting,single,Parisan Records,2026-05-06,,"PJ Harvey, Angel Olsen, Sharon Van Etten, Cate Le Bon","Sharon Van Etten, PJ Harvey, Lucinda Williams, Cate Le Bon, Julia Jacklin, Ada Lea, Angel Olsen",0,,0,,staged,
46.0,Ritt Momney,BASE,album,Self-released,2026-02-27,,"Mitski, Geese, Alex G, Bon Iver, Mk.gee","Geese, Alex G, Bon Iver, Mk.gee, Blood Orange, Oklou, Dijon, Mitski, Youth Lagoon, Hovvdy",0,,0,,staged,
45.5,Haters,Non-Violent,album,Self-Released,2026-02-27,,"Fontaines D.C., IDLES","Bass Drum of Death, IDLES, Wunderhorse, Dirty Nil, Fontaines D.C.",0,,0,,staged,
45.5,Paper Pools,Everything,album,Self-Released,2026-06-20,,"Interpol, The National, Future Islands, The War On Drugs","Liars, Interpol, Future Islands, The National, The War on Drugs",0,,0,,staged,
45.2,Boards of Canada,Inferno,album,Warp,2026-06-19,Boards of Canada,,"Aphex Twin, Autechre, Oneohtrix Point Never, Vegyn, Floating Points",0,,1,,staged,
45.1,Las Cruxes,Las Cruxes,album,Million Stars,2026-05-06,,"The Black Angels, The Brian Jonestown Massacre","Brian Jonestown Massacre, The Black Angels, LA Witch, Mint Field, Los Punsetes",0,,0,,staged,
44.8,Tory Silver,In Through the Front with Lasers,album,Michi Tapes,2026-06-19,,"Courtney Barnett, Jay Som, Katy Kirby","Katy Kirby, Samia, Palehound, Jay Som, Courtney Barnett",0,,0,,staged,
44.7,The Outfit,Preservers of the Pearl,album,You've Changed,2026-03-30,,"Sheer Mag, Kurt Vile, King Tuff","Mystery Lights, King Tuff, Kurt Vile, Sheer Mag, Daniel Romano, Carson McHone",0,,0,,staged,
44.5,Will Epstein,"Yeah, mostly",album,Fat Possum,2026-02-09,,"Andrew Bird, Panda Bear, Perfume Genius, Jose Gonzalez","Panda Bear, Dr. Dog, Grizzly Bear, Andrew Bird, Perfume Genius, José González",43,,0,,staged,
43.7,White Denim,13,album,Bella Union,2026-05-06,White Denim,"King Tuff, King Gizzard And The Lizard Wizard","Woods, King Tuff, King Gizzard & The Lizard Wizard, Temples, Unknown Mortal Orchestra",19,,0,,staged,
40.9,Milk & Bone,A Little Lucky,album,Nettwerk,2026-02-09,,Caroline Rose,"Magdalena Bay, Sabrina Carpenter, Remi Wolf, Caroline Rose, Little Dragon, Rina Sawayama",0,,0,,staged,
40.3,Radio Free Alice,Lunch Money,single,Atlantic,2026-06-19,,"Interpol, Iceage","Lime Garden, Courting, Gurriers, Been Stellar, Bloc Party, Interpol, Iceage",42,,0,,staged,
40.1,Cubzoa Vs Icebeing,Cubzoa Vs. Icebeing [EP],EP,Bella Union,2026-03-30,,"Mitski, Jay Som, Cate Le Bon, Snail Mail","Cate Le Bon, Snail Mail, Penelope Isles, Mitski, Jay Som, Sarah Kinsley",19,,0,,staged,
39.8,The Fall,Singles Live: Vol. 2 80-83,album,Popstock/Bella Union,2026-06-20,The Fall,Wire,"Wire, Gang Of Four, The Birthday Party, Magazine, The Slits",0,yes,0,,staged,
39.5,Miss Grit,Stranger,single,Mute Records,2026-02-09,,"Mitski, St. Vincent, Phantogram","Phantogram, Bat For Lashes, Purity Ring, St. Vincent, Mitski",30,,0,,staged,
39.5,Miss Grit,Mind Disaster,single,Mute Records,2026-03-30,,"Mitski, St. Vincent, Phantogram","Phantogram, Bat For Lashes, Purity Ring, St. Vincent, Mitski",30,,0,,staged,
39.5,Miss Grit,Under My Umbrella,album,Mute,2026-05-06,,"Mitski, St. Vincent, Phantogram","Phantogram, Bat For Lashes, Purity Ring, St. Vincent, Mitski",30,,0,,staged,
38.7,Fat Dog,Go Love Urself,single,Domino,2026-06-20,,Indiana Mandy,"Model/Actriz, Mandy, Indiana, HMLTD, Gilla Band, HEALTH, Xiu Xiu",18,yes,0,,staged,
38.6,Lambrini Girls,Cult of Celebrity,single,City Slang,2026-04-10,,"Screaming Females, SPRINTS, Amyl and The Sniffers","Amyl and The Sniffers, SPRINTS, Grrrl Gang, Gilla Band, Screaming Females, DITZ",39,,0,,staged,
38.5,The Sleeveens,National Anthem,album,Goner,2026-06-20,,"IDLES, Buzzcocks","Ramones, The New York Dolls, The Buzzcocks, The Undertones, IDLES, Dropkick Murphys",0,,0,,staged,
38.2,Blondshell,Heart Has To Work So Hard,single,Partisan Records,2026-06-20,,Snail Mail,"Liz Phair, Momma, Girlpool, Lush, Snail Mail, Samia, Squirrel Flower, Bully",113,yes,0,,staged,
37.8,Sleaford Mods,The Demise of Planet X,album,Rough Trade,2026-01-17,,IDLES,"IDLES, Bob Vylan, The Streets, slowthai",53,,0,,staged,
37.8,My Precious Bunny,A Moment In My Eyes,album,Bella Union,2026-06-20,,"Alex G, Bon Iver, Sparklehorse","Blonde Redhead, Japanese Breakfast, Alex G, Flyte, Bon Iver, Sparklehorse",19,,0,,staged,
37.1,Charlotte Cornfield,Hurts Like Hell,album,Merge,2026-03-30,,Big Thief,"Big Thief, Lucinda Williams, Merce Lemon, Andy Shauf, Sadurn",157,,0,,staged,
37.1,Witch Post,Butterfly,album,Partisan Records,2026-03-30,,"Friko, Soccer Mommy, Wednesday, Mannequin Pussy","Wednesday, Ratboys, Friko, Girlpool, MOMMA, Soccer Mommy, Palehound, Mannequin Pussy",113,,0,,staged,
36.3,Cloning,Vitriol,album,Self-Released,2026-03-30,,"Interpol, The National, Echo & The Bunnymen, The War On Drugs","Interpol, The National, Echo and the Bunnymen, The War on Drugs, CASTLEBEAT, Film School",0,,0,,staged,
35.1,Danielle Ponder,Power,single,Dead Oceans,2026-06-19,,"SAULT, Michael Kiwanuka, Khruangbin","Brittany Howard, Sault, Khruangbin, Michael Kiwanuka, Yola",40,,0,,staged,
34.0,Gelli Haha,Klouds Will Carry Me To Sleep,single,Innovative Leisure,2026-04-10,Gelli Haha,"Blondie, Water From Your Eyes","Magdalena Bay, The Knife, Blondie, Fabiana Palladino, Chromatics, Nourished By Time, Water From Your Eyes, Kassie Krut",41,,0,,staged,
33.8,Steven Brown,In This Very World,album,Crammed Discs/PIAS,2026-04-10,,"Andrew Bird, David Bowie, Nick Cave","Andrew Bird, Nick Cave, Holger Czukay, John Cale, David Bowie",0,,0,,staged,
33.4,Holy Void,All Will Be Revealed In Time,album,Self-Released,2026-01-17,,The Black Angels,"Fuzz, OSees, The Black Angels, Meatbodies",0,,0,,staged,
33.4,Oddrove,Pop Amoeba,album,Wavebend Records,2026-02-09,,"Suki Waterhouse, Strfkr, Panda Bear, MGMT","MGMT, Unknown Mortal Orchestra, STRFKR, Melody's Echo Chamber, Men I Trust, Her's, Suki Waterhouse, Panda Bear, Grizzly Bear",0,,0,,staged,
32.0,Thee Sacred Souls,Any Old Fool,single,Daptone Records,2026-04-10,,"Black Pumas, Leon Bridges, Khruangbin, Hermanos Gutiérrez, Jungle","Khruangbin, Leon Bridges, Hermanos Gutierrez, JUNGLE, Durand Jones & The Indications, Al Green, Black Pumas",0,,0,,staged,
31.3,Frog,Frog For Sale,album,Audio Antihero,2026-05-06,Frog,"This Is Lorelei, MJ Lenderman","This Is Lorelei, Silver Jews, Jonathan Richman, MJ Lenderman, Dutch Interior",0,,0,,staged,
31.1,congratulations,Join Hands,album,Bella Union,2026-02-27,,"Yard Act, SPRINTS","Yard Act, Heartworms, SPRINTS, Delivery, PYPY, Jagged Baptist Club, Man/Woman/Chainsaw",19,,0,,staged,
30.9,Ghinzu,W.O.W.A,album,Play It Again Sam,2026-06-20,,"The National, The Strokes","Pulp, The Strokes, The National, Dear Boy, Cashier, MX Lonely, Archive",0,,0,,staged,
30.7,Will Dailey,Boys Talking,album,Wheelkick,2026-03-30,,"Wilco, Whitney, The War On Drugs","Wilco, Whitney, Wand, The War on Drugs, Silver Jews",0,,0,,staged,
30.5,The Sophs,GOLDSTAR,album,Rough Trade,2026-03-30,,"The Strokes, Weezer","The Strokes, Inhaler, Weezer, Hippo Campus, Cardinals",53,,0,,staged,
30.4,Dutch Interior,It's Glass [EP],EP,Fat Possum,2026-03-30,,"MJ Lenderman, Frog","MJ Lenderman, Frog, Greg Freeman, Touching Ice, Friendship",43,,0,,staged,
29.9,Crooked Fingers,Swet Deth,album,Merge,2026-03-30,,"Superchunk, Sparklehorse","Archers Of Loaf, Superchunk, Sparklehorse, The Wrens, Lambchop",157,,0,,staged,
29.3,Various Artists,HELP(2),album,War Child,2026-03-30,,"Cameron Winter, Depeche Mode, Wet Leg, Arctic Monkeys","Arctic Monkeys, Cameron Winter, Depeche Mode, Wet Leg, and more!",0,,0,,staged,
29.2,Mikaela Davis,Graceland Way,album,Kill Rock Stars,2026-05-06,,"Angel Olsen, Hurray For The Riff Raff, Waxahatchee, Wednesday","Waxahatchee, Angel Olsen, Hurray for The Riff Raff, Wednesday, Lily Seabird",0,,0,,staged,
29.0,Conscious Pilot,Human Poultry,album,Devil Duck Records,2026-06-20,,"Viagra Boys, Wire","Wipers, Wire, Viagra Boys, Courting, The Gun Club",0,,0,,staged,
28.7,Plantoid,FLARE,album,Bella Union,2026-02-09,,"King Gizzard And The Lizard Wizard, Tropical Fuck Storm, Frankie And The Witch Fingers","Frankie and the Witch Fingers, Tropical Fuck Storm, Osees, King Gizzard & The Lizard Wizard, The Mystery Lights, Wand",19,,0,,staged,
27.8,Yin Yin,Yatta!,album,Glitterbeat,2026-02-09,,"PJ Harvey, Babe Rainbow","Parcels, PJ Harvey, glass beams, Babe Rainbow",0,,0,,staged,
27.4,Mirah,Dedication,album,Double Double Whammy/Absolute Magnitude,2026-02-27,,"Aldous Harding, Angel Olsen, Adrianne Lenker","Adrianne Lenker, Aldous Harding, Thao Nguyen, Angel Olsen, Jessica Lea Mayfield",0,,0,,staged,
27.4,Hrishikesh Hirway,Stray Dogs (with Iron & Wine),single,Keeled Scales,2026-02-27,,"Iron & Wine, Damien Jurado, Nick Drake, Sufjan Stevens, Jose Gonzalez","Iron & Wine, Sufjan Stevens, Neil Halsted, Nick Drake, Jose Gonzalez, Damien Jurado",0,,0,,staged,
27.4,Hrishikesh Hirway,"Things Change, Even Now",single,Keeled Scales,2026-04-10,,"Iron & Wine, Damien Jurado, Nick Drake, Sufjan Stevens, Jose Gonzalez","Iron & Wine, Sufjan Stevens, Neil Halsted, Nick Drake, Jose Gonzalez, Damien Jurado",0,,0,,staged,
27.4,Hrishikesh Hirway,In the Last Hour of Light,album,Keeled Scales,2026-05-06,,"Iron & Wine, Damien Jurado, Nick Drake, Sufjan Stevens, Jose Gonzalez","Iron & Wine, Sufjan Stevens, Neil Halsted, Nick Drake, Jose Gonzalez, Damien Jurado, Phoebe Bridgers",0,,0,,staged,
27.2,Sex Mask,Body Broker,album,Self-Released,2026-02-27,,"Parquet Courts, Yard Act","Yard Act, Genesis Owusu, Parquet Courts, EKKSTACY, Fat Dog",0,,0,,staged,
27.1,RIP Magic,Screwdark,single,section1,2026-06-20,,"Kim Gordon, Water From Your Eyes, bar italia","bar italia, Holy Fuck, Kim Gordon, PVA, Fcukers, Water From Your Eyes",0,yes,0,,staged,
26.9,Dirt Buyer,Dirt Buyer III,album,Bayonet,2026-02-09,,Built To Spill,"Built To Spill, Horse Jumper of Love, Jawbreaker, Bully, Oso Oso",0,,0,,staged,
26.4,Lime Garden,Maybe Not Tonight,album,So Young,2026-05-06,,"Yeah Yeah Yeahs, Pip Blom, Billy Nomates, English Teacher","Billy Nomates, Mary and The Junkyard, Pip Blom, Sorry, English Teacher, Yeah Yeah Yeahs, Automatic",0,,0,,A-File add (already reviewed),
26.1,Slow Leaves,The Ruins of Things Unfinished,album,Birthday Cake,2026-06-20,,Bill Callahan,"Bonny “Prince” Billy, Bedouine, Bill Callahan, Hiss Golden Messenger, Andy Shauf",0,,0,,staged,
26.0,Fleur Electra,Strike the Match,album,Victory Pool,2026-03-30,,"Suki Waterhouse, Sharon Van Etten","Hatchie, Suki Waterhouse, Jordana, Cults, Sharon Van Etten",0,,0,,staged,
25.8,Angine De Poitrine,Vol. II,album,Spectacles Bonzaï,2026-04-10,Angine de Poitrine,"King Gizzard And The Lizard Wizard, Snapped Ankles","King Gizzard and The Lizard Wizard, Population II, La Sécurité, Snapped Ankles",0,,0,,staged,
25.4,The Sheila Divine,The Middle Ages,album,Trash Casual,2026-06-20,,"Death Cab For Cutie, Afghan Whigs","The Airborne Toxic Event, Young The Giant, Death Cab For Cutie, The Afghan Whigs",0,,0,,staged,
25.0,Dari Bay,Longest Day of the Year,album,Double Double Whammy,2026-01-17,,"This Is Lorelei, Alex G, Hovvdy","Alex G, Trace Mountains, Hovvdy, Runnner, Golden Apples, This is Lorelei",0,,0,,staged,
24.7,Hermanos Gutiérrez,Canto Andino,single,Easy Eye Sound/Concord,2026-06-19,Hermanos Gutiérrez,Khruangbin,"LA LOM, Cuco, Grupo Fantasma, Khruangbin, Augustin Lara, Tim Bernardes",0,yes,0,,staged,
24.6,Ibibio Sound Machine,Concept of Love,single,Merge Records,2026-06-19,,Sinkane,"Obongjayar, ESG, Ibeyi, Charlotte Adigéry, KOKOKO!, Hot Chip, Sinkane",157,,0,,staged,
23.6,"Mandy, Indiana",URGH,album,Sacred Bones,2026-02-09,Indiana Mandy,Kim Gordon,"Model/Actriz, Kim Gordon, TR/ST, Sextile, Fcukers, Special Interest, PVA",0,,0,,staged,
23.6,Gurriers,Nobody's Coming To Save You,single,Play It Again Sam,2026-06-20,,"SPRINTS, Folly Group","Fat Dog, Mclusky, Gilla Band, SPRINTS, shame, Folly Group, Metz",0,yes,0,,staged,
23.4,Michelle Blades,Where To?,album,Escargot,2026-02-09,,"Aldous Harding, Cate Le Bon, Feist","Feist, Aldous Harding, Y La Bamba, Cate Le Bon, La Femme",0,,0,,staged,
23.4,Angelo De Augustine,Angel in Plainclothes,album,Asthmatic Kitty,2026-05-06,,"Aldous Harding, Nick Drake, Sufjan Stevens, Jose Gonzalez","Sufjan Stevens, Andy Shauf, Jose Gonzalez, Nick Drake, Aldous Harding",0,,0,,A-File add (already reviewed),
23.3,Hero Magnus,How Do You Leave A Warm Dark Place,album,Self-Released,2026-05-06,,"Suki Waterhouse, Cate Le Bon","The Chicks, Cate Le Bon, Olivia Dean, Taylor Swift, Faye Webster, Suki Waterhouse",0,,0,,staged,
23.3,Emma Louise,Sunshine For Happiness,album,Future Classic,2026-06-20,,"Yeah Yeah Yeahs, Weyes Blood","Yeah Yeah Yeahs, Flume, Fiona Apple, Weyes Blood, Florence and the Machine, Ella Eyre, Sarah Kinsley, Lorde, Jai Paul",0,,0,,staged,
23.0,Toadies,The Charmer,album,Spaceflight,2026-05-06,Toadies,Pixies,"Pixies, Mudhoney, Meat Puppets, Local H, among Steve Albini’s final recording projects",0,,0,,staged,
22.9,Ellur,At Home In My Mind,album,Dance to the Radio,2026-02-09,,"Angel Olsen, Sharon Van Etten, Soccer Mommy","Sharon Van Etten, Angel Olsen, Francis of Delirium, BEL, Julia Jacklin, Wolf Alice, Soccer Mommy, Stella Donnelly",0,,0,,staged,
22.8,Cate Le Bon ft. St. Vincent,Always The Same,single,Mexican Summer,2026-01-17,,"Aldous Harding, Jessica Pratt, Nico, Weyes Blood","Julia Holter, Aldous Harding, Jessica Pratt, Weyes Blood, Nico, DRINKS, White Fence, Gruff Rhys, Woods",0,,0,,staged,
22.4,youbet,youbet,album,Hardly Art,2026-05-06,,"Water From Your Eyes, Deerhoof","Water From Your Eyes, Spirit of the Beehive, feeble little horse, Deerhoof, Palehound",35,,0,,staged,
22.3,Tori Amos,Stronger Together b/w Shush,single,Fontana,2026-04-10,,PJ Harvey,"Kate Bush, Fiona Apple, PJ Harvey, Ani DiFranco",0,,0,,staged,
22.3,Tori Amos,In Times Of Dragons,album,Fontana / Warner,2026-05-06,,PJ Harvey,"Kate Bush, Fiona Apple, PJ Harvey, Ani DiFranco",0,,0,,staged,
21.8,Fenne Lily,Uh Huh,single,Nettwerk,2026-06-20,,"Big Thief, Waxahatchee","Phoebe Bridgers, Waxahatchee, Billie Marten, Big Thief, Squirrel Flower",0,,0,,staged,
21.6,John-Robert,Where Do You Wanna Go? [EP],EP,Don't Give Them Four,2026-05-06,,"Black Pumas, Leon Bridges","Gary Clarke Jr., Jeff Buckley, Durand Jones & The Indications, Pale Jay, Bahamas, Leon Bridges, Black Pumas",0,,0,,staged,
21.6,Sook-Yin Lee,72RHR,album,Hand Drawn Dracula,2026-06-20,,"Massive Attack, Portishead","Faye Wong, Bob's Your Uncle, Thom Yorke, Trent Reznor, Massive Attack, Portishead",0,,0,,staged,
21.6,Elder Island,Hello Baby Okay,album,Self-Released,2026-06-20,,Sylvan Esso,"St. Etienne, Sylvan Esso, Caribou, The xx",0,,0,,staged,
21.5,Jeff Jakobs,Lorem Ipsum,album,Self-Released,2026-02-09,,"Andrew Bird, The Clientele","The Clientele, Grizzly Bear, Andrew Bird, Luke Temple",0,,0,,staged,
21.4,Buzzy Lee,Bad Company,single,Future Classic,2026-02-27,,"Mitski, Perfume Genius, Katy Kirby, Weyes Blood","Mitski, Perfume Genius, TV Girl, Clairo, Weyes Blood, Katy Kirby, Barrie",0,,0,,staged,
21.4,Nina Garbus,Secrets of the Fifth Angel,album,Candlepin,2026-02-27,,"Stereolab, Crumb, Water From Your Eyes","Stereolab, Spirit of the Beehive, Palm, Crack Cloud, Crumb, Water From Your Eyes",0,,0,,staged,
21.4,Buzzy Lee,Shoulder To Shoulder,album,Future Classic,2026-04-10,,"Mitski, Perfume Genius, Katy Kirby, Weyes Blood","Mitski, Perfume Genius, TV Girl, Clairo, Weyes Blood, Katy Kirby, Barrie",0,,0,,staged,
21.4,Thomas Dollbaum,Birds of Paradise,album,Dear Life,2026-06-20,,MJ Lenderman,"Jason Molina, MJ Lenderman, Friendship, Colin Miller, Merce Lemon",0,,0,,staged,
21.4,Scott Fisher,A Billion Suns,album,1 A.M. Music,2026-06-20,,"Cass McCombs, Phosphorescent","Grateful Dead, John Mayer, Cass McCombs, Bruce Hornsby, Keller Williams, Phosphorescent",0,,0,,staged,
20.9,Triples,Every Good Story,album,Bleak Enterprise,2026-02-09,,"Frankie Cosmos, The Beths, Soccer Mommy, PACKS","Soccer Mommy, The Beths, Liz Phair, Frankie Cosmos, PACKS",0,,0,,staged,
20.9,My New Band Believe,My New Band Believe,album,Rough Trade,2026-05-06,,Water From Your Eyes,"black midi, caroline, Black Country New Road, Judee Sill, Water From Your Eyes",53,,0,,staged,
20.9,Junior Varsity,Ready,album,Key,2026-06-20,,New Order,"Inner Wave, Glom, Lime Garden, New Order, Metric",0,,0,,staged,
20.7,April + VISTA,Traditional Noise,album,Third & Hayden,2026-06-20,,SAULT,"Little Dragon, Kelela, Sault, Hiatus Kaiyote, Kadhja Bonet",0,,0,,staged,
20.7,Pigeon,OUTTANATIONAL,album,Memphis Industries,2026-06-20,,SAULT,"Geneisus Owusu, SAULT, E.U., Joshua Idehen, Hot Chip",0,,0,,staged,
20.5,Emmett Jerome,It Ain't Me,album,Light Organ Records,2026-02-09,,"Kurt Vile, Bruce Springsteen, The War On Drugs","The War On Drugs, Tom Petty and the Heartbreakers, Bruce Springsteen, Kurt Vile, Chris Stapleton, Tyler Childers, Counting Crows",0,,0,,staged,
20.3,Operelly,*FLUTTERS AWAY*,album,deadAir,2026-03-30,,"Stereolab, ear, Broadcast","Stereolab, Broadcast, ear, Quiet Light, villagerrr, Salami Rose Joe Louis, Cusp, Tenci",0,,0,,staged,
20.2,Apparat,Hum Of Maybe,single,Mute,2026-01-17,,Bon Iver,"Moderat, Jon Hopkins, The xx, Bonobo, Darkside, Four Tet, Bon Iver",30,,0,,staged,
20.0,Mariachi El Bronx,Bandoleros,single,ATO,2026-01-17,,,"Cuco, Gogol Bordello, LA LOM, The Bronx, Calexico",100,,0,,staged,
20.0,Altin Gün,Garip,album,ATO,2026-02-27,,,"Kit Sebastian, Yin Yin, Vanishing Twin, L'Eclair, Los Bitchos, Rupa, Gaye Su Akyol, Rogér Fakhr, Lalalar",100,,0,,staged,
20.0,Mariachi El Bronx,Mariachi El Bronx IV,album,ATO,2026-02-27,,,"Cuco, Gogol Bordello, LA LOM, The Bronx, Calexico",100,,0,,staged,
20.0,The Wave Pictures,Gained / Lost,album,Bella Union,2026-03-30,,The Smiths,"The Wrens, Japandroids, The Smiths, Jonathan Richman",19,,0,,staged,
20.0,deary,Birding,album,Bella Union,2026-04-10,,Cocteau Twins,"The Sundays, Chapterhouse, Cocteau Twins, Lush",19,,0,,staged,
19.4,They Might Be Giants,Eyeball EP,EP,Upward Spiral,2026-02-09,,"the Mountain Goats, Ween, Of Montreal","Oingo Boingo, Of Montreal, The Mountain Goats, Ween, Cheekface",0,,0,,staged,
19.4,They Might Be Giants,The World Is to Dig,album,Idlewild,2026-05-06,,"the Mountain Goats, Ween, Of Montreal","Oingo Boingo, Of Montreal, The Mountain Goats, Ween, Cheekface",0,,0,,staged,
19.4,Bellows,Que Bello!,single,bloody knuckles,2026-06-19,,"Elliott Smith, Alex G, Sufjan Stevens","Sufjan Stevens, Alex G, The Microphones/Mount Eerie, WHY?, Elliott Smith",0,,0,,staged,
18.9,Widemouth,No Gasoline,album,Urban Scandal,2026-06-19,,"Big Thief, Wednesday","Julien Baker, Big Thief, Wednesday, Ratboys, Gillian Welch",0,,0,,staged,
18.9,Swapmeet,2 C U,single,Winspear,2026-06-20,,"Big Thief, Wednesday","Slow Pulp, Feeble Little Horse, Wednesday, Big Thief, villagerrr, Dutch Interior",0,,0,,staged,
18.8,Philippe B,Cigale,album,Bonsound,2026-03-30,,"Cass McCombs, Kevin Morby, Neil Young","Cass McCombs, Peter One, Gilberto Gil, Serge Gainsbourg, Jacques Dutronc, Kevin Morby, Neil Young",0,,0,,staged,
18.8,Alewya,City of Symbols (feat. eejebee),single,Because London Music,2026-03-30,,"Sampa the Great, Lava La Rue","Crystal Murray, Greentea Peng, Lava La Rue, Dua Saleh, Ibeyi, Sampa the Great",0,,0,,staged,
18.8,Alewya,Maktoub,single,Because London Music,2026-06-19,,"Sampa the Great, Lava La Rue","Crystal Murray, Greentea Peng, Lava La Rue, Dua Saleh, Ibeyi, Sampa the Great",0,,0,,staged,
18.6,The Haunted Youth,Boys Cry Too,album,Play It Again Sam,2026-06-20,,Cage the Elephant,"Surf Curse, Harmless, Vacations, Cage The Elephant",0,,0,,staged,
18.2,Felsmann + Tiley,Protomensch,album,Mute,2026-02-27,,Perfume Genius,"M83, Apparat, Jon Hopkins, Perfume Genius, The xx, Nils Frahm, Ólafur Arnalds",30,,0,,staged,
17.9,Pope,BFM,album,Rite Field,2026-05-06,,Dinosaur Jr,"Ovlov, Hotline TNT, Dinosaur Jr., Pile, Yuck",0,,0,,staged,
17.9,Love Spells,Crutch,single,RCA Records,2026-05-06,,"Cigarettes After Sex, Mazzy Star, Beach House","The Marias, Mazzy Star, Beach House, Clairo, Beabadoobee, Cigarettes After Sex, Men I Trust",0,,0,,staged,
17.0,The Olympians,Strawberry Kiwi,single,Daptone,2026-01-17,The Olympians,"The Budos Band, Khruangbin, Menahan Street Band","Menahan Street Band, Khruangbin, Tommy Guerrero, Surprise Chef, Thee Sacred Souls, Budos Band, L’Eclair",0,,0,,staged,
17.0,The Olympians,In Search of a Revival,album,Daptone Records,2026-02-27,The Olympians,"The Budos Band, Khruangbin, Menahan Street Band","Menahan Street Band, Khruangbin, Tommy Guerrero, Surprise Chef, Thee Sacred Souls, Budos Band, L’Eclair",0,,0,,staged,
17.0,Archive,Glass Minds,album,Dangervisit / [PIAS],2026-03-30,,"UNKLE, Massive Attack","Thom Yorke, Other Lives, Massive Attack, Hot Chip, UNKLE, The Postal Service",0,,0,,staged,
16.9,Nara's Room,"Tearless, thoughtless",album,Mtn. Laurel,2026-06-20,,Massive Attack,"Sword II, Frou Frou, Massive Attack, fantasy of a broken heart, youbet",0,,0,,staged,
16.8,American Football,American Football (LP4),album,Polyvinyl,2026-05-06,,,"Cap’n Jazz, Owen, Tortoise, The Appleseed Cast, Duster",47,,0,,staged,
16.8,feeble little horse,bitknot,album,Saddle Creek,2026-06-19,,,"They Are Gutting A Body Of Water, Bassvictim, Chanel Beads, Sword II, SPIRIT OF THE BEEHIVE",47,,0,,staged,
16.8,Bird,Strange As Folk [EP],EP,Bird Music,2026-06-20,,"Lana Del Rey, Sufjan Stevens","Haley Heynderickx, Mary Gauthier, Gillian Welch, Lucinda Williams, Sarah Jarosz, Sufjan Stevens, Anais Mitchell, Neko Case, Lana Del Rey",0,,0,,staged,
16.4,Al Green,To Love Somebody,album,Fat Possum,2026-02-09,,,"Curtis Mayfield, The Isley Brothers, Bill Withers, Isaac Hayes, Smokey Robinson",43,,0,,staged,
16.4,Ecca Vandal,LOOKING FOR PEOPLE TO UNFOLLOW,album,Loma Vista/Concord,2026-06-20,,"Mannequin Pussy, Amyl and The Sniffers","Die Spitz, Mannequin Pussy, Lambrini Girls, Amyl and The Sniffers, Scowl, Waax",0,,0,,staged,
16.3,Planet Bones,SAMSARA,album,incurable,2026-02-27,,Swans,"Grouper, Julianna Barwick, Swans, Lingua Ignota, Ana Roxanne",0,,0,,staged,
16.3,Natalie Jane Hill,Hopeful Woman,album,Dear Life,2026-03-30,,"Angel Olsen, Karen Dalton","The Weather Station, Karen Dalton, Angel Olsen, Hope Sandoval, Anna St. Louis",0,,0,,staged,
16.3,casi,CASI,album,Carpark,2026-06-19,,Rage Against the Machine,"Death Grips, Soul Glo, Rage Against The Machine, JPEGMAFIA, Backxwash",19,,0,,staged,
16.2,L'Eclair,Lagniappe Session,album,Innovative Leisure,2026-02-27,,,"The Mauskovic Dance Band, Ibibio Sound Machine, Automatic, Yin Yin, Keleketla!, Bolis Pupul",41,,0,,staged,
16.2,Ramsey Thornton,I Called It!,album,Gar Hole,2026-06-20,,Buck Meek,"Hudson Freeman, Buck Meek, Twain, Ken Pomeroy, Pinegrove",0,,0,,staged,
16.2,Born at Midnite,Every Single Time,album,Arbutus,2026-06-20,,Gelli Haha,"Gelli Haha, Amery, TOPS, Magdalena Bay, strongboi",0,,0,,staged,
15.9,daphne tunes,Volume D,album,Self-Released,2026-02-09,,"Jeff Tweedy, Whitney, Hovvdy","Whitney, Girls, Sun June, Hovvdy, Jeff Tweedy",0,,0,,staged,
15.6,Danny L Harle,Raft In The Sea (feat. Julia Michaels),single,XL Recordings,2026-01-17,,,"oklou, Caroline Polacheck, Charli XCX, PC Music",35,,0,,staged,
15.6,Danny L Harle,Cerulean,album,XL Recordings,2026-02-27,,,"oklou, Caroline Polacheck, Charli XCX, PC Music",35,,0,,staged,
15.6,Stephen Becker,Gravity Blanket,album,One is Three,2026-05-06,,This Is Lorelei,"Here We Go Magic, Grandaddy, Grizzly Bear, Greg Mendez, This is Lorelei",0,,0,,staged,
15.3,Lucy Dreams,VVVVV,album,SonicWaveArtPop,2026-02-09,,"New Order, Future Islands","Pet Shop Boys, Let's Eat Grandma, Future Islands, Hot Chip, CHVRCHES, New Order, Eurythmics",0,,0,,staged,
15.0,Luke Norton,Reservoir,album,Halloween on Raspberry Hill,2026-03-30,,Sluice,"Angelo De Augustine, Colin Miller, Sluice, Greg Mendez, 22° Halo",0,,0,,staged,
14.9,KÁRYYN,COLLAPSE PHASE,single,Mute,2026-02-09,,,"yeule, FKA Twigs, Holly Hernon, Eartheater, Empress Of",30,,0,,staged,
14.9,Apparat,A Hum of Maybe,album,Mute,2026-02-27,,,"Moderat, Jon Hopkins, The xx, Bonobo, Darkside, Four Tet",30,,0,,staged,
14.9,KÁRYYN,PHYSICS UNIVERSAL LOVE LANGUAGE (PULL),album,Mute,2026-06-19,,,"yeule, FKA Twigs, Holly Hernon, Eartheater, Empress Of",30,,0,,staged,
14.8,Jane Inc.,A RUPTURE A CANYON A BIRTH,album,Telephone Explosion,2026-01-17,,"U.S. Girls, Gelli Haha","Austra, U.S. Girls, Robyn, Jessie Ware, Kylie Minogue, Girl Ray, Jessy Lanza, Gelli Haha",0,,0,,staged,
14.4,Daði Freyr (Pronounced Dah-thi Fray-er),Too Much Is Not Enough,album,Samlist/AWAL,2026-06-20,,Future Islands,"The Whitest Boy Alive, Phoenix, Future Islands, Two Door Cinema Club",0,,0,,staged,
14.3,Surfbort,Reality Star,album,TODO,2026-03-30,,"Viagra Boys, Amyl and The Sniffers","Amyl and the Sniffers, Viagra Boys, Niis, Wimps, Upchuck",0,,0,,staged,
14.3,deathcrash,Somersaults,album,untitled,2026-03-30,,"Bedhead, Low","Horse Jumper of Love, Duster, Bedhead, Low, Teethe",0,,0,,staged,
14.3,Gently Tender,This Was Once Fields,album,TODO,2026-06-20,,Nick Cave,"Palma Violets, Nick Cave, shame, The New Eves, Bambara",0,,0,,staged,
14.3,Allah-Las,Ultramarine,single,Mexican Summer,2026-06-20,Allah-Las,"Babe Rainbow, Khruangbin","Babe Rainbow, Khruangbin, Unknown Mortal Orchestra, Ghost Funk Orchestra, Orions Belte",0,,0,,staged,
14.2,Julianna Riolino,Like a Rembrandt b/w Don't Put Me In The Middle,single,Moonwhistle,2026-01-17,,"Talking Heads, Waxahatchee","Georgia Harmer, The Talking Heads, Bells Larson, Waxahatchee",0,,0,,staged,
14.2,Julianna Riolino,Echo In The Dust (Deluxe),album,Moonwhistle,2026-02-27,,"Talking Heads, Waxahatchee","Georgia Harmer, The Talking Heads, Bells Larson, Waxahatchee",0,,0,,staged,
14.2,TRAITRS,Possessor,album,Furniture Records,2026-03-30,,"The Cure, Joy Division","The Cure, Turnstile, Joy Division, Deftones, Brigitte Calls Me Baby, Art d'Ecco",0,,0,,staged,
14.2,ISTA,In Sound To All,album,Self-Released,2026-05-06,,Beck,"Rubblebucket, !!!, Unknown Mortal Orchestra, Tame Impala, Black Moth Super Rainbow, Beck",0,,0,,staged,
14.1,Brockhoff,Easy Peeler,album,[PIAS],2026-06-20,,Soccer Mommy,"mary in the junkyard, Momma, Samia, Soccer Mommy, Alvvays, Sorry, Bully",0,,0,,staged,
14.1,runo plum,Bloom Again,album,Winspear,2026-06-20,,Soccer Mommy,"Alvvays, Florist, Soccer Mommy, Mali Velasquez, girlpuppy",0,,0,,staged,
13.8,villagerrr,Carousel,album,Winspear,2026-06-20,,Wednesday,"Teethe, Joyer, Dutch Interior, Merce Lemon, Wednesday",0,,0,,staged,
13.7,The Limiñanas,Live at Beaubourg,album,Because Music,2026-06-19,,"Dry Cleaning, Black Lips, Khruangbin","Khruangbin, L'Epee, Automatic, Black Lips, Dry Cleaning, Baxter Dury, La Femme",0,,0,,staged,
13.7,New Constellations,It Comes In Waves,album,Nettwerk,2026-06-20,,Phantogram,"Night Tapes, Nation of Language, Washed Out, CHVRCHES, Phantogram, Cannons",0,,0,,staged,
13.5,Arlo Parks,2SIDED,single,Transgressive/PIAS,2026-02-09,Arlo Parks,"Portishead, Nilüfer Yanya","PinkPantheress, Sofia Kourtesis, Tinashe, Robyn, Jai Paul, Nilüfer Yanya, Jamila Woods, Helena Deland, Raveena, Portishead",0,,0,,staged,
13.5,Arlo Parks,Ambiguous Desire,album,Transgressive/[PIAS],2026-04-10,Arlo Parks,"Portishead, Nilüfer Yanya","PinkPantheress, Tinashe, Robyn, Jai Paul, Nilüfer Yanya, Jamila Woods, Portishead",0,,0,,staged,
13.4,Paula Kelley,Blinking as the Starlight Burns Out,album,Wharf Cat,2026-03-30,,,"Drop Nineteens, Winter, Swirlies, Lush, Hotline TNT, Tanukichan, Ringo Deathstarr",21,,0,,staged,
13.3,Peaches,No Lube So Rude,single,Kill Rock Stars,2026-01-17,,"Yeah Yeah Yeahs, Ladytron","Fischerspooner, Uffie, Ladytron, Goldfrapp, Yeah Yeah Yeahs, Shygirl",0,,0,,staged,
13.3,Peaches,"No Lube, So Rude",album,Kill Rock Stars,2026-02-27,,"Yeah Yeah Yeahs, Ladytron","Fischerspooner, Uffie, Ladytron, Goldfrapp, Yeah Yeah Yeahs, Shygirl",0,,0,,staged,
13.1,Bye Parula,Something Out Of Nothing,album,Secret City,2026-06-20,,Jungle,"Jungle, Parcels, Snarky Puppy, KAYTRANADA",0,,0,,staged,
13.0,cootie catcher,Something We All Got,album,Carpark,2026-03-30,,,"The Pains of Being Pure at Heart, Heavenly, Kitty Craft, Talulah Gosh, Dear Nora, 22° Halo",19,,0,,staged,
13.0,LuxJury,Giving Up,album,Bella Union,2026-04-10,,,"Flock of Dimes, Hannah Jadagu, NoSo, Mini Trees, Blondshell, Hana",19,,0,,staged,
12.9,Kula Shaker,Wormslayer,album,Strange Folk,2026-02-09,,"King Gizzard And The Lizard Wizard, Blur","The Dandy Warhols, Blur, King Gizzard & the Lizard Wizard, Manic Street Preachers, Primal Scream",0,,0,,staged,
12.9,Motorists,Never Sing Alone,album,We Are Time,2026-03-30,,"Big Star, Ducks Ltd., Teenage Fanclub","Big Star, Teenage Fanclub, Flamin' Grooves, Ducks Ltd., Laughing",0,,0,,staged,
12.8,LAPêCHE,Autotelic,album,Tiny Engines,2026-02-27,,"Cherry Glazerr, Chastity Belt","Hop Along, Sløtface, Speedy Ortiz, Chastity Belt, Cherry Glazerr",0,,0,,staged,
12.8,Clarion,Blue Fairy [EP],EP,Broke,2026-03-30,,Aldous Harding,"Air, Midwife, Aldous Harding, Rosier, Marissa Nadler, Grouper",0,,0,,staged,
12.8,Arielle Soucy,Passages,album,Bonbonbon,2026-03-30,,Aldous Harding,"Air, Midwife, Aldous Harding, Rosier, Marissa Nadler, Grouper",0,,0,,staged,
12.8,Laure Briard,Voyage Mental,album,Midnight Special,2026-06-19,,Aldous Harding,"Aldous Harding, Françoise Hardy, Keren Ann, Julie Byrne, Melody’s Echo Chamber",0,,0,,staged,
12.8,Edging,Unload Your Shame,album,Hex Records,2026-06-20,,Amyl and The Sniffers,"Jeff Rosenstock, Amyl and the Sniffers, Upchuck, Snooper, Les Savy Fav, Die Spitz, Lambrini Girls",0,,0,,staged,
12.6,Dina Ögon,Människobarn,album,Playground,2026-02-27,,"U.S. Girls, Khruangbin","Khruangbin, Orions Belte, Yin Yin, U.S. Girls, Amery",0,,0,,staged,
12.6,Violet Grohl,Be Sweet To Me,album,Republic,2026-06-20,,Snail Mail,"Scowl, Snail Mail, Destroy Boys, Sir Chloe, Wilt",0,,0,,staged,
12.6,Shye,The Doves Came Home,album,Self-Released,2026-06-20,,Slowdive,"Slowdive, Wisp, Glixen, Softcult, she’s green",0,,0,,staged,
12.6,Lola Bates,Love and Power,album,Gravel and Echo,2026-06-20,,Slowdive,"Sunday (1994), The Last Dinner Party, Blondshell, girlpuppy, Slowdive, Cults",0,,0,,staged,
12.5,Ken Park,Ken Park,album,TODO,2026-02-27,,"Alex G, My Bloody Valentine","Alex G, My Bloody Valentine, Elvis Depressedly, all under heaven, Blue Smiley",0,,0,,staged,
12.4,Two Feet,Songs for February [EP],EP,477 Records,2026-02-09,,"Cigarettes After Sex, Arctic Monkeys","The Neighbourhood, Arctic Monkeys, Cigarettes After Sex, twenty one pilots",0,,0,,staged,
12.2,Sawyer Utah,WHEN THE SUN GOES DOWN,album,VISCYRL X,2026-03-30,,Bleachers,"Dominic Fike, ROLE MODEL, Frank Ocean, Zach Hood, Bleachers",0,,0,,staged,
11.9,Alan Vega,Alan Vega Deluxe Remastered Edition + Collision Drive,album,Sacred Bones,2026-02-09,,"Wire, The Fall","Suicide, Martin Rev, Lou Reed, Wire, The Fall",0,,0,,staged,
11.5,Radium Dolls,Wound Up,album,Self-Released,2026-02-09,,"Dry Cleaning, English Teacher, SQUID","Squid, Black Country, New Road, Dry Cleaning, English Teacher, Porridge Radio",0,,0,,staged,
11.5,Massive Attack,Boots On The Ground (feat. Tom Waits),single,Play It Again Sam,2026-05-06,Massive Attack,,,0,,0,,staged,
10.7,lovetempo,Never The Same,single,Self-released,2026-02-09,,SAULT,"Sade, Roy Ayers, Close Counters, Metro Area, Mr. Fingers, Musclecars, SAULT",0,,0,,staged,
10.7,Selah Sue & The Gallands,Movin',album,Because Music,2026-03-30,,SAULT,"Tom Misch, Jordan Rakei, Yussef Dayes, Alfa Mist, Cleo Sol, Sault, Lianne La Havas",0,,0,,staged,
10.7,lovetempo,By Your Side,single,Self-released,2026-04-10,,SAULT,"Sade, Roy Ayers, Close Counters, Metro Area, Mr. Fingers, Musclecars, SAULT",0,,0,,staged,
10.7,lovetempo,There Is A Light,album,Self-Released,2026-05-06,,SAULT,"Sade, Roy Ayers, Close Counters, Metro Area, Mr. Fingers, Musclecars, SAULT",0,,0,,staged,
10.4,Christian Taylor,trust (you),single,BannerYeer,2026-06-20,,"Alex G, Mk.gee","Mk.gee, Mac Demarco, Alex G, Porches",0,,0,,staged,
10.3,The Orielles,Only You Left,album,Heavenly Recordings,2026-03-30,,"Soccer Mommy, bar italia, English Teacher","Sorry, Blonde Redhead, bar italia, julie, English Teacher, Honeyglaze, Soccer Mommy, Wolf Alice, Porridge Radio",0,,0,,staged,
10.3,Swapmeet,I Know!,single,Winspear,2026-03-30,,"Wet Leg, Mannequin Pussy","Wet Leg, Elastica, Mannequin Pussy, Slow Pulp, Momma",0,,0,,staged,
10.0,leetham,kink [EP],EP,Self-Released,2026-06-20,,,"The Dare, Public Appeal, Kim Petras, Slayyyter, Cobrah, Dorian Electra",0,,0,,staged,
10.0,The Reytons,Introducing: The Reytons,album,Self-Released,2026-06-20,,,"The K's, The Fratellis, Circa Waves, The Snuts",0,,0,,staged,
10.0,Lennie Rayen,Entertain The Space,album,Self-Released,2026-06-20,,,"Julia Jacklin, girlpuppy, IAN SWEET, Faye Webster, Hannah Cohen",0,,0,,staged,
10.0,aja monet,the color of rain,album,drink sum wtr,2026-06-20,,,"Gil Scott Heron, Annahstasia, Mustafa, Moor Mother, Georgia Anne Muldrow, Noname",0,,0,,staged,
10.0,Mexican Institute of Sound & Meridian Brothers,Ruido Tovar,album,Ansonia Records,2026-06-20,,,"Combo Chimbita, Sotomayor, Bomba Estereo, Pachyman, Cochemea",0,,0,,staged,
10.0,Angel Davanport & Bionik,Free Angel,album,Move Like An Angel,2026-06-20,,,"Sasha Keable, Ella Mai, Nao, Kirby, Elijah Blake, Janine, Cleo Sol",0,,0,,staged,
10.0,Touch Girl Apple Blossom,Graceful,album,K/Perennial,2026-06-20,,,"Good Flying Birds, cootie catcher, Tiger Trap, Velocity Girl, Beat Happening",0,,0,,staged,
10.0,Sam Gelband,That's All,album,Self-Released,2026-06-20,,,"Dean Johnston, Chris Acker, Esther Rose, Sam Doores, The Deslondes",0,,0,,staged,
10.0,Andie Yagher,Pickup Game,album,Self-Released,2026-06-20,,,"Alex Krawczyk, Bailey Thompson, Lucy Clearwater, Edwin Raphael",0,,0,,staged,
10.0,Kuru,Backstage hologram,album,deadAir,2026-06-20,,,"Xaviersobased, Lucy Bedroque, Jane Remover, Snow Strippers, Bladee",0,,0,,staged,
10.0,Jump Source,Fold,album,NAFF,2026-06-20,,,"Patrick Holland, Priori, Skee Mask, HAAi, james K, Ayesha, CFCF",0,,0,,staged,
10.0,Cola,Cost of Living Adjustment,album,Fire Talk,2026-06-20,,,"Ought, Deeper, Disq, Stuck, Preoccupations",0,,0,,staged,
10.0,Sunforger,Weight,album,Cooked Raw/Julia's War,2026-06-20,,,"They Are Gutting A Body of Water, Hum, Pinback, Bleary Eyed, Women",0,,0,,staged,
10.0,sadie,Better Angels,album,bloody knuckles,2026-06-20,,,"A.G. Cook, Chanel Beads, True Blue, Shygirl, Quiet Light",0,,0,,staged,
10.0,Serafima & The Shakedowns,Ride Easy,album,BWGiBWGAN,2026-06-20,,,"Heavenly, The Moldy Peaches, Kimya Dawson, The Softies, Tullycraft",0,,0,,staged,
10.0,Mia Doi Todd,Human Experience,album,City Zen,2026-06-20,,,"Fabiano Do Nascimento, Ichiko Aoba, Ella Jenkins, Leyla McCalla, Jonathan Richman",0,,0,,staged,
10.0,Josiah and the Bonnevilles,As Is,album,Rounder / Concord,2026-06-20,,,"Nathaniel Rateliff, Ruston Kelly, Mt. Joy, The Lone Bellow, Wild Child",0,,0,,staged,
10.0,Adekunle Gold,Fuji Xtra,album,Believe UK,2026-06-20,,,"Davido, 6lack, Tiwa Savage, Olamide, Rema, Wizkid, Tayla, Omah Lay, Ayra Starr, Burna Boy",0,,0,,staged,
10.0,Laura Cahen,Side by side [EP],EP,[PIAS] Recordings,2026-06-20,,,"Shura, Hand Habits, This Is the Kit, Saint Saviour, Josephine Stephenson",0,,0,,staged,
10.0,Hail The Sun,cut. turn. fade. back.,album,Equal Vision,2026-06-20,,,"Dance Gavin Dance, Silverstein, Fall Out Boy, Thirty Seconds to Mars, Jimmy Eat World, Good Charlotte, My Chemical Romance",0,,0,,staged,
9.8,Makthaverskan,Glass and Bones,album,Wellfare Sounds & Records,2026-05-06,,"Siouxsie & The Banshees, Hater","Hater, The Organ, Björk/The Sugarcubes, Westkust, Pinkshinyultrablast, Siouxsie and the Banshees",0,,0,,staged,
9.8,Styrofoam Winos,Any River,album,Dear Life,2026-06-19,,Yo La Tengo,"Yo La Tengo, Ryan Davis & the Roadhouse Band, Greg Freeman, Michael Hurley, Rosali",0,,0,,staged,
9.4,Fcukers,L.U.C.K.Y.,single,Ninja Tune,2026-01-17,,"Lcd Soundsystem, Sneaks","Frost Children, The Dare, Shygirl, Sneaks, Grace Ives, Mura Masa, LCD Soundsystem",0,,0,,staged,
9.4,Samm Henshaw,It Could Be Worse,album,Dorm Seven / AWAL,2026-02-09,,"Leon Bridges, Blood Orange","Olivia Dean, Blood Orange, Moonchild, Leon Bridges",0,,0,,staged,
9.4,Status/Non-Status,Big Changes,album,You've Changed,2026-03-30,,"J Mascis, Broken Social Scene","Broken Social Scene, Eric’s Trip, Stars, OMBIIGIZI, J. Mascis",0,,0,,staged,
9.4,Fcukers,"if you wanna party, come over to my house",single,Ninja Tune,2026-03-30,,"Lcd Soundsystem, Sneaks","Frost Children, The Dare, Shygirl, Sneaks, Grace Ives, Mura Masa, LCD Soundsystem",0,,0,,staged,
9.4,Fcukers,Ö,album,Ninja Tune,2026-04-10,,"Lcd Soundsystem, Sneaks","Frost Children, The Dare, Shygirl, Sneaks, Grace Ives, Mura Masa, LCD Soundsystem",0,,0,,staged,
9.4,beaming,horseshoe,album,Rose Garden,2026-05-06,,"Alex G, Hovvdy","Field Medic, The Districts, Alex G, Hovvdy, villagerrr, Runnner",0,,0,,staged,
9.1,Robot Slide,CHIMPS,album,Aura Vortex,2026-05-06,,"Boards of Canada, King Krule","Homeshake, King Krule, Triathalon, The Notwist, Boards of Canada",0,,0,,staged,
9.0,The Notwist,News from Planet Zombie,album,Morr Music,2026-03-30,,"Belle And Sebastian, Broken Social Scene","Belle and Sebastian, Broken Social Scene, múm, Lali Puna, 13 & God",0,,0,,staged,
9.0,TV Star,Music For Heads,album,Father/Daughter,2026-05-06,,"The Stone Roses, Teenage Fanclub","The Stone Roses, Mojave 3, Teenage Fanclub, DAIISTAR, Color Green",0,,0,,staged,
8.9,Jill Blutt,An Almond Shaped Moon and Four Things I Wish I Never Knew About Myself,album,Self-Released,2026-01-17,,"Sneaker Pimps, Caroline Polachek","George Clanton, Caroline Polachek, Sneaker Pimps, Vitesse X, BANKS",0,,0,,staged,
8.8,A View of Earth From The Moon,Rolled Over Like A Wave,album,Self-Released,2026-05-06,,"the Shins, Ben Kweller","Long Winters, Nada Surf, Ben Kweller, Pete Yorn, The Shins",0,,0,,staged,
8.6,Jenny on Holiday,Quicksand Heart,album,Transgressive,2026-01-17,,U.S. Girls,"Let’s Eat Grandma, Kate Bush, U.S. Girls, Japanese Breakfast, Elizabeth Fraser/Cocteau Twins",0,,0,,A-File add (already reviewed),
8.5,Bitter:Sweet,The One,single,Self Released,2026-06-19,,"Portishead, Jenny Lewis","Thievery Corporation, Portishead, Shannon Shaw, Jenny Lewis",0,,0,,staged,
8.3,Edwin Raphael,I Know A Garden,album,Favourite Library,2026-03-30,,"Bon Iver, Sufjan Stevens","Bon Iver, Amen Dunes, Sufjan Stevens, Harmless, The Paper Kites, John Vincent III, The Head & The Heart",0,,0,,staged,
8.2,54-40,Porto,album,Smilin' Buddha Enjoyment Complex,2026-02-09,,R.E.M.,"R.E.M., The Tragically Hip, Sloan, The Black Crowes, Big Sugar",0,,0,,staged,
8.0,ISMAY,Half Truth,album,Fossil,2026-06-19,,Hurray For The Riff Raff,"Esther Rose, The Weather Station, Hurray for the Riff Raff, Bonny Light Horseman, Odie Leigh",0,,0,,staged,
8.0,FIGHTMASTER,Tolerance,album,"Fightmaster Industries, Inc.",2026-06-19,,Sharon Van Etten,"MUNA, TORRES, Becca Mancari, Julien Baker, Sharon Van Etten",0,,0,,staged,
7.6,CorMae,Everything Is So Great!,album,Self-Released,2026-06-19,,"SPRINTS, Amyl and The Sniffers","Amyl and the Sniffers, Bratmobile, Surfbort, Lambrini Girls, SPRINTS",0,,0,,staged,
7.5,Various Artists,Naive Melodies,album,BBE Music,2026-02-09,,Talking Heads,"Talking Heads, Rogê, W.I.T.C.H., Pachyman, Bilal, aja monet, Wu-Lu, Georgia Anne Muldrow",0,,0,,staged,
7.5,Pastel Blank,Unmade In Minutes,album,Paper Bag,2026-05-06,,Talking Heads,"Bahamas, The Lemon Twigs, Kiwi Jr., Vulfpeck, Talking Heads",0,,0,,staged,
7.4,Trembler,Total Sorry,album,Rite Field,2026-02-09,,Bedhead,"Hum, Bedhead, Panchiko, Teethe, Greet Death",0,,0,,staged,
7.4,The Messthetics and James Brandon Lewis,Deface The Currency,album,Impulse!,2026-02-27,,Fugazi,"Fugazi, The Comet is Coming, Nels Cline, Sonny Sharrock, Tortoise",0,,0,,staged,
7.3,TEEN BLUSH,2019,album,Spirit Goth,2026-06-19,,"Deerhunter, Beach Fossils","Current Joys, Beach Fossils, The Drums, Deerhunter, Launder",0,,0,,staged,
7.2,Velvet Trip,Glimmers Continued,album,Self-Released,2026-02-09,,Animal Collective,"Tame Impala, Thundercat, Ginger Root, MICHELLE, Animal Collective",0,,0,,staged,
7.1,Amiture Music,Amiture Music,album,Dots Per Inch,2026-03-30,,Sonic Youth,"This Heat, Sonic Youth, YHWH Nailgun, The Blue Nile, Red House Painters",0,,0,,staged,
7.1,Sub*T,How My Own Voice Sounds,album,Self-Released,2026-05-06,,Sonic Youth,"Momma, Sonic Youth, Bully, Rocket, Fake Fruit",0,,0,,staged,
7.0,Gigi,Thank You Sam,album,Self-Released,2026-02-09,,"French Vanilla, Deerhoof","Deerhoof, Miki Berenyi Trio, Snõõper, Shampoo, !!!, French Vanilla, Enon",0,,0,,staged,
7.0,EXEK,Prove The Mountain Move,album,DFA,2026-03-30,,"Spiritualized, Broadcast","Broadcast, Public Image Ltd., Tubeway Army, Spiritualized, TV On The Radio",0,,0,,staged,
7.0,Tōth,And The Voice Said,album,Egghunt Records/Northern Spy,2026-03-30,,"Khruangbin, Tennis","Rubblebucket, Tune-Yards, Khruangbin, Brazilian Girls, Tennis, Thao Vacationer",0,,0,,staged,
6.9,ear,Rumspringa,album,A24 Music/Virgin,2026-06-19,ear,,"Chanel Beads, james K, RIP Magic, Holy Fuck, caroline, oklou, Eartheater, Quiet Light",0,,0,,staged,NO AIRPLAY UNTIL FRIDAY
6.9,ear,Ne Plus Ultra,single,A24 Music/Virgin,2026-06-20,ear,,"Chanel Beads, james K, RIP Magic, Holy Fuck, caroline, oklou, Eartheater, Quiet Light",0,,0,,staged,
6.7,Arctic Monkeys,Opening Night,single,War Child Records,2026-02-09,Arctic Monkeys,,,0,,0,,staged,
6.7,zzzahara,I Can Be Yours (feat. Winter),single,Lex Records,2026-03-30,,Jay Som,"spill tab, Winter, girl in red, Jay Som, Hannah Jadagu, Indigo De Souza",0,,0,,staged,
6.7,Robber Robber,Two Wheels Move the Soul,album,Fire Talk,2026-04-10,,"Water From Your Eyes, bar italia","Dari Bay, Water From Your Eyes, Bar Italia, Aunt Katrina, Horsegirl",0,,0,,staged,
6.7,Deadbeat Beat,From Here to Ohio,album,We Are Time,2026-06-19,,Real Estate,"Real Estate, The Cleaners From Venus, The Clean, The Go-Betweens, The Go! Team, Best Coast, HUNNY",0,,0,,staged,
6.7,zzzahara,Distant Lands,album,Lex,2026-06-19,,Jay Som,"spill tab, Winter, girl in red, Jay Som, Hannah Jadagu, Indigo De Souza",0,,0,,A-File add (already reviewed),
6.7,zzzahara,Speed Racer,single,Lex Records,2026-06-20,,Jay Som,"spill tab, Winter, girl in red, Jay Som, Hannah Jadagu, Indigo De Souza",0,,0,,staged,
6.6,Will Roesner,Fairy Music,album,Bam Smack Wham!,2026-03-30,,Alex G,"Lots of Hands, Alex G, Joyer, Fat Evil Children, Deloyd Elze",0,,0,,staged,
6.6,Mark Adams,This Is Neo-Soul,album,DownJazz Records,2026-04-10,,"Sly & the Family Stone, Stevie Wonder","Roy Ayers, Chic, Thundercat, Anderson Paak, Stevie Wonder, Sly & The Family Stone",0,,0,,staged,
6.5,Jane Remover,♡ EP,EP,deadAir,2026-02-09,,"Underscores, Caroline Polachek","underscores, femtanyl, yeule, oklou, Quadeca, Caroline Polachek, Ninajirachi, Frost Children, Model/Actriz",0,,0,,staged,
6.5,Lucid Express,Instant Comfort,album,Kanine,2026-02-27,,"Diiv, Slowdive","Slowdive, Pinkshinyultrablast, DIIV, Alison’s Halo, Lush",0,,0,,staged,
6.5,Dexys Midnight Runners,My Life in England Pt. 1,single,Heavenly Recordings,2026-06-20,,"Destroyer, The Beach Boys","The Beach Boys, Supertramp, Daryl Hall & John Oates, Kirin J Callinan, Destroyer, Prefab Sprout, Roxy Music",0,,0,,staged,
6.4,The Jack Rubies,Visions in the Bowling Alley,album,Big Stir,2026-02-09,,The Stone Roses,"McCarthy, The Pastels, The Stone Roses, Happy Mondays, Hatchie, Oasis, Wishy",0,,0,,staged,
6.4,District Five,Place Your Bet,single,Stone Pixels,2026-02-27,,"The Smile, King Krule","King Krule, The Smile, The Notwist, The Bad Plus, Black Midi, Quadeca, BADBADNOTGOOD, Hiatus Kayote",0,,0,,staged,
6.4,District Five,Push (feat. Saul Williams),single,Stone Pixels,2026-03-30,,"The Smile, King Krule","King Krule, The Smile, The Notwist, The Bad Plus, Black Midi, Quadeca, BADBADNOTGOOD, Hiatus Kayote",0,,0,,staged,
6.4,District Five,Somewhere In Between,single,Stone Pixels,2026-04-10,,"The Smile, King Krule","King Krule, The Smile, The Notwist, The Bad Plus, Black Midi, Quadeca, BADBADNOTGOOD, Hiatus Kayote",0,,0,,staged,
6.4,District Five,GLUT,album,Stone Pixels,2026-06-19,,"The Smile, King Krule","King Krule, The Smile, The Notwist, The Bad Plus, Black Midi, Quadeca, BADBADNOTGOOD, Hiatus Kayote",0,,0,,staged,
6.3,Otracami,Runoff,album,Figure & Ground,2026-03-30,,"Nilüfer Yanya, Sufjan Stevens","Nilüfer Yanya, Allegra Krieger, Tasha, Annahstasia, Sufjan Stevens",0,,0,,staged,
6.3,GoldFord,Only You Do,single,GoldFord Music,2026-05-06,,Leon Bridges,"Teddy Swims, Leon Bridges, Noah Kahan, The Teskey Brothers, Mt. Joy, Allen Stone",0,,0,,staged,
6.2,Holy Fuck,Event Beat,album,Satellite Services,2026-04-10,,Lcd Soundsystem,"Caribou, LCD Soundsystem, Battles, Horse Lords, Rattan, Tortoise, Public Service Broadcasting, Jon Hopkins, Metric",0,,0,,staged,
6.2,obli,He Dreams Of Friends,single,Anjunachill,2026-05-06,,Lcd Soundsystem,"Vegyn, Tycho, Bonobo, Moby, Maribou State, LCD Soundsystem",0,,0,,staged,
6.2,Rosa Walton,Tell Me It's A Dream,album,Transgressive,2026-06-19,,Gelli Haha,"Let’s Eat Grandma, Jenny on Holiday, The Last Dinner Party, illuminati hotties, Magdalena Bay, Gelli Haha",0,,0,,staged,
6.2,obli,Soft Speak,album,Anjunachill,2026-06-19,,Lcd Soundsystem,"Vegyn, Tycho, Bonobo, Moby, Maribou State, LCD Soundsystem",0,,0,,staged,
6.1,Mute Swan,Skin Slip,album,Hit the North,2026-03-30,,"Beach House, Slowdive","Slowdive, Beach House, Chapterhouse, Nothing, No Joy, Nanami Ozone",0,,0,,staged,
6.0,Vienna Vienna,Entertain Me,album,PULSE / Concord,2026-02-09,,the Shins,"The Shins, Hippo Campus, Goth Babe, Mt. Joy, Coin, Local Natives, Bad Bad Hats",0,,0,,staged,
6.0,Vienna Vienna,Grief Is For The Living,single,PULSE / Concord,2026-06-19,,the Shins,"The Shins, Hippo Campus, Goth Babe, Mt. Joy, Coin, Local Natives, Bad Bad Hats",0,,0,,staged,
5.9,The Sha La Das,Your Picture,album,Diamond West,2026-01-17,,The Budos Band,"The Budos Band, Mild High Club, Holy Wave, Sugar Candy Mountain",0,,0,,staged,
5.9,Remember Sports,The Refrigerator,album,Get Better,2026-02-27,,The Beths,"Charly Bliss, Palehound, The Beths, Diet Cig, Radiator Hospital",0,,0,,staged,
5.9,Full Body 2,turn so slow,single,Self-released,2026-03-30,,My Bloody Valentine,"My Bloody Valentine, Sweet Trip, George Clanton, Panchiko, They Are Gutting A Body of Water, Feeble Little Horse",0,,0,,staged,
5.9,Adrian Younge,Feel the Highlife,single,Linear Labs,2026-06-20,,The Budos Band,"Fela Kuti, Tony Allen, Ebo Taylor, Manu Dibango, William Onyeabor, Mulatu Astatke, Cymande, Antibalas, Budos Band",0,,0,,staged,
5.7,La Sécurité,Bingo!,album,Mothland,2026-06-19,,Dry Cleaning,"Dry Cleaning, Le Tigre, PyPy, Snõõper",0,,0,,staged,
5.6,Gladie,No Need To Be Lonely,album,Get Better,2026-03-30,Gladie,,"Cayetana, Remember Sports, Swearin’, Hop Along, Speedy Ortiz",0,,0,,staged,
5.5,Anastasia Coope,DOT,album,Bonzo,2026-01-17,,Karen Dalton,"Grouper, Julianna Barwick, Karen Dalton, Xiu Xiu, Astrid Sonne",0,,0,,staged,
5.4,Tinariwen,Sagherat Assani (feat. Sulafa Elyas),single,Wedge,2026-02-09,Tinariwen,,"Mdou Moctar, Imarhan, Bombino, Tamikrest",0,,0,,staged,
5.4,Tinariwen,Hoggar,album,Wedge,2026-03-30,Tinariwen,,"Mdou Moctar, Imarhan, Bombino, Tamikrest",0,,0,,A-File add (already reviewed),
5.4,Tinariwen,Amidinim Ehad Solan,single,Wedge,2026-03-30,Tinariwen,,"Mdou Moctar, Imarhan, Bombino, Tamikrest",0,,0,,staged,
5.3,Sis and the Lower Wisdom,Saints and Aliens,album,Native Cat,2026-01-17,,Cate Le Bon,"Bedouine, Cassandra Jenkins, Julianna Barwick, Jenny Hval, Cate Le Bon",0,,0,,staged,
5.3,Rami Gabriel,Tunderizer,album,Sooper,2026-03-30,,Daniel Johnston,"Jonathan Richman, The Folk Implosion, Adam Green, Jad Fair, Daniel Johnston",0,,0,,staged,
5.3,Beatrix,We Swallowed The Sky,album,Nice Life Recording,2026-05-06,,Cate Le Bon,"Cate Le Bon, Kate Bollinger, Alice Phoebe Lou, Oracle Sisters, Abby Sage, Freak Slug",0,,0,,staged,
5.2,Yael Naim,SOLAIRE,album,Mouselephant,2026-02-27,,Feist,"Angèle, Feist, Camille, M.I.A., Little Dragon, Regina Spektor",0,,0,,staged,
4.7,Nutritious,The Soft Dark,album,Liquid Culture,2026-02-09,,Portishead,"death's dynamic shroud, Sofia Kourtesis, Yaeji, Oneohtrix Point Never, Portishead, Autechre, C418, Nicolás Jaar",0,,0,,staged,
4.7,Adrian Younge,Portschute,single,Linear Labs,2026-02-27,,Portishead,"David Axelrod, Lalo Schifrin, Ennio Morricone, Portishead",0,,0,,staged,
4.7,Fouk,Sundays [EP],EP,Boogie Angst,2026-03-30,,Crumb,"Portugal. The Man, Tame Impala, Surfaces, Masayoshi Takanaka, Still Woozy, Crumb, Hot Chip, Gorillaz",0,,0,,staged,
4.7,Inner Wave,SEE YOU WHEN I GET BACK,album,Nettwerk,2026-03-30,,Crumb,"The Sea and Cake, Neon Indian, Crumb, Sea of Lettuce, Mustard Service",0,,0,,staged,
4.7,Adrian Younge,Respond to Sound,single,Linear Labs,2026-04-10,,Portishead,"David Axelrod, Lalo Schifrin, Ennio Morricone, Portishead",0,,0,,staged,
4.7,Adrian Younge,Younge,album,Linear Labs,2026-05-06,,Portishead,"David Axelrod, Lalo Schifrin, Ennio Morricone, Portishead",0,,0,,staged,
4.6,Dori Valentine,Songs for Penguin Vol. I EP,EP,PULSE / Concord,2026-02-27,,Boygenius,"Hippo Campus, boygenius, mxmtoon, Gracie Abrams, Samia, girl in red",0,,0,,staged,
4.6,Dagmar Zuniga,in filth your mystery is kingdom / far smile peasant in yellow music,album,AD93,2026-03-30,,Jessica Pratt,"Jessica Pratt, Cindy Lee, The Microphones, Nite Jewel, Mount Eerie, Bedouine",0,,0,,A-File add (already reviewed),
4.6,Blood Wizard,Lucky Life,album,Sad Club,2026-05-06,,Fontaines DC,"Slow Pulp, Fontaines DC, Truth Club, Bleary Eyed",0,,0,,staged,
4.6,Jenny Gillespie Mason,In the Safety of the Light,album,Native Cat,2026-06-19,,Jessica Pratt,"Bedouine, Cassandra Jenkins, Linda Perhacs, Jessica Pratt, Judee Sill",0,,0,,staged,
4.4,Owelu Dreamhouse,Owelu Dreamhouse,album,Hopestreet Records,2026-02-09,,Michael Kiwanuka,"Michael Kiwanuka, Ezra Collective, Sammy Rae and the Friends, Brittany Howard, Cleo Sol",0,,0,,staged,
4.4,dublon,Sunrise (feat. jev. and Dana Williams),single,Technicolour,2026-02-27,,El Michels Affair,"El Michels Affair, Sly5thAve, Resavoir, Leland Whitty, DJ Harrison, Duval Timothy",0,,0,,staged,
4.4,Ladytron,Paradises,album,Nettwerk,2026-03-30,Ladytron,,"Freezepop, Hot Chip, Simian Mobile Disco, Class Actress, The Knife",0,,0,,staged,
4.4,dublon,Sweet Nothings (feat. Deza),single,Technicolour,2026-06-19,,El Michels Affair,"El Michels Affair, Sly5thAve, Resavoir, Leland Whitty, DJ Harrison, Duval Timothy",0,,0,,staged,
4.3,Accessory,Dust,album,ACX,2026-05-06,,Deerhunter,"Elias Rønnenfelt, ML Buch, Chanel Beads, Deerhunter, Elliot Smith",0,,0,,staged,
4.1,Yumi Zouma,No Love Lost to Kindness,album,Nettwerk,2026-02-09,,Soccer Mommy,"Soccer Mommy, Men I Trust, Shura, Barrie",0,,0,,staged,
4.1,TIGRA & SPNCR,Black Rice EP,EP,[PIAS] Electronique,2026-02-09,,Santigold,"L’Trimm, Santigold, Solange, Shamir, Neneh Cherry, The Go! Team",0,,0,,staged,
4.1,Lucky,Biting Heels,album,Community Music / Unified,2026-05-06,,Soccer Mommy,"Winter, Soccer Mommy, Momma, Wishy, beabadoobee",0,,0,,staged,
4.0,Cardinals,Masquerade,album,So Young,2026-02-27,,Arctic Monkeys,"shame, Been Stellar, BIG SPECIAL, Honeyglaze, Arctic Monkeys",0,,0,,staged,
4.0,Allison Russell,No Springtime (feat Joy Oladokun & Julie Williams),single,Concord Records,2026-05-06,,Lizzie No,"Valerie June, Joy Oladokun, Brandi Carlile, Amythyst Kiah, Madison Cunningham, Lizzie No",0,,0,,staged,
4.0,Allison Russell,Black Lavender,single,Fantasy / Concord Recordings,2026-06-19,,Lizzie No,"Valerie June, Joy Oladokun, Brandi Carlile, Amythyst Kiah, Madison Cunningham, Lizzie No",0,,0,,staged,NO AIRPLAY UNTIL FRIDAY
3.8,Hiding Places,The Secret to Good Living,album,Keeled Scales,2026-04-10,,Wednesday,"Wednesday, Merce Lemon, Horse Jumper of Love, Palehound, Truth Club",0,,0,,staged,
3.8,Satya,Project 10 b/w Fruits of My Labor,single,Checker Print,2026-05-06,,Adrianne Lenker,"Lianne La Havas, Adrianne Lenker, Corinne Bailey Rae, Cleo Sol",0,,0,,staged,
3.8,Marika Che,Bright Flame,album,Self-Released,2026-05-06,,Jenny Lewis,"Jess Williamson, Jenny Lewis, Esther Rose, beabadoobee, TANGERINE",0,,0,,staged,
3.8,Satya,Yellow House,album,Checker Print,2026-06-19,,Adrianne Lenker,"Lianne La Havas, Adrianne Lenker, Corinne Bailey Rae, Cleo Sol",0,,0,,staged,
3.8,Quadeca,Dark Magic,single,X8 Music,2026-06-19,,Mk.gee,"Frank Ocean, Jean Dawson, Danny Brown, Tyler the Creator, Mk.gee, Toro y Moi",0,,0,,staged,
3.7,Joshua Idehen,"I know you’re hurting, everyone is hurting, everyone is trying, you have got to try",album,Heavenly/PIAS,2026-03-30,,Tkay Maidza,"Antony Szmierek, KAYTRAMINE, Ibibio Sound Machine, Jordan Ward, Tkay Maidza",0,,0,,staged,
3.4,Magus,Music For Mandrax,album,Language of Stone,2026-05-06,,Tropical Fuck Storm,"Primus, Tool, Tropical Fuck Storm, Pigs Pigs Pigs Pigs Pigs Pigs Pigs, Agriculture",0,,0,,staged,
3.3,Charlotte Day Wilson,Patchwork,album,Stone Woman Music/XL Recordings,2026-02-09,,Nilüfer Yanya,"Kaytranada, BADBADNOTGOOD, Cleo Sol, Nilufer Yanya, Fabiana Paladino",0,,0,,staged,
3.3,L'Rain,soulless cycle,single,Mexican Summer,2026-06-19,,Nilüfer Yanya,"Yves Tumor, keiyaA, Kelsey Lu, Spirit of the Beehive, Nilüfer Yanya",0,,0,,staged,
3.2,Julianna Barwick & Mary Lattimore,Tragic Magic,album,Infiné,2026-01-17,,Brian Eno,"Explosions In The Sky, Jon Hopkins, Laraaji, Flying Lotus, Tim Hecker, Brian Eno, Four Tet, Floating Points, Nils Frahm, Nala Sinephro, Rachika Nayar",0,,0,,staged,
3.2,Gem Club,Emerald Press,album,Self-Released,2026-05-06,,Perfume Genius,"James Blake, Rufus Wainwright, Jamie Lidell, Perfume Genius, Nils Frahm",0,,0,,staged,
3.1,Alexis Taylor,Out Of Phase (feat. Lola Kirke),single,Night Time Stories,2026-01-17,,Jungle,"Hot Chip, Jungle, Wild Beasts, Durand Jones, Foals",0,,0,,staged,
3.1,DRAMA,Platonic Romance,album,AWAL,2026-01-17,,Jungle,"Amber Mark, TSHA, SG Lewis, Gorgon City, Channel Tres, Jungle, TOKiMONSTA, Barry Can't Swim",0,,0,,staged,
3.1,Samm Henshaw,Hair Down,single,Dorm Seven / AWAL,2026-01-17,,Blood Orange,"Olivia Dean, Blood Orange",0,,0,,staged,
3.1,Sassy 009,Dreamer+,album,[PIAS] Electronique,2026-02-09,,Blood Orange,"Charli XCX, Let's Eat Grandma, Blood Orange, BEA1991, Yunè Pinku",0,,0,,staged,
3.1,Alexis Taylor,Paris In The Spring,album,Night Time Stories,2026-03-30,,Jungle,"Hot Chip, Jungle, Wild Beasts, Durand Jones, Foals",0,,0,,staged,
3.1,Alexis Taylor,I Can Feel Your Love,single,Night Time Stories,2026-03-30,,Jungle,"Hot Chip, Jungle, Wild Beasts, Durand Jones, Foals",0,,0,,staged,
3.1,Vacations,Holy Grail,single,Nettwerk,2026-06-20,,Ducks Ltd.,"Rolling Blackouts Coastal Fever, Inner Wave, Ducks Ltd., Surf Curse, Her's, Vundabar",0,,0,,staged,
3.0,Mon Rovîa,Bloodline,album,Nettwerk,2026-02-09,,Sufjan Stevens,"Hazlett, Sufjan Stevens, Gregory Alan Isakov, Noah Kahan",0,,0,,staged,
3.0,Brother Ali,Another Country,single,Travelers Media,2026-03-30,,Atmosphere,"Yasiin Bey, Lupe Fiasco, Common, Big K.R.I.T., Atmosphere, Immortal Technique",0,,0,,staged,
3.0,Ages and Ages,Fine Thanks and You,album,Needle and Thread,2026-03-30,,Tennis,"TOPS, Parcels, Poolside, Tennis, San Fermin",0,,0,,staged,
2.9,Brooklyn Funk Essentials,Bust The Bus Stop,single,Dorado Records,2026-02-09,,Marvin Gaye,"Chic, Chaka Khan, Marvin Gaye, Durand Jones, Adi Oasis, Silk Sonic, Thundercat",0,,0,,staged,
2.9,Razteria,Reflections,album,Asteria,2026-02-09,,Kali Uchis,"Selena, Sade, Shakira, Kali Uchis, Tinashe, Kehlani",0,,0,,staged,
2.9,Jalen Ngonda,Doctrine of Love,single,Daptone Records,2026-03-30,,Marvin Gaye,"Curtis Harding, Thee Sacred Souls, Durand Jones, Marvin Gaye, Allen Stone, Sharon Jones",0,,0,,staged,
2.9,Kumail,Mudbrown,album,Tru Thoughts,2026-04-10,,Marvin Gaye,"Ego Ella May, Nubiyan Twist, D’Angelo, Marvin Gaye, James Brown",0,,0,,staged,
2.9,Brooklyn Funk Essentials,Black Butterfly,single,Dorado Records,2026-04-10,,Marvin Gaye,"Chic, Chaka Khan, Marvin Gaye, Durand Jones, Adi Oasis, Silk Sonic, Thundercat",0,,0,,staged,
2.9,Mamas Gun,DIG!,album,Blue Elan,2026-05-06,,Marvin Gaye,"Durand Jones & The Indications, Mayer Hawthorne, MT Jones, Raphael Saadiq, Marvin Gaye, Bobby Caldwell, Bill Withers",0,,0,,staged,
2.9,Saul Williams,Conspiracy (feat. Moor Mother & Gonjasufi),single,Big Dada,2026-06-19,,A Tribe Called Quest,"Gil-Scott Heron, Moor Mother, Black Thought, A Tribe Called Quest, aja monet, Shabazz Palaces",0,,0,,staged,
2.9,Qendresa,Rain in July b/w Be the One,single,dream city discs,2026-06-20,,Kali Uchis,"Kali Uchis, Jazmin Sullivan, Solange, PinkPantheress, Thundercat, Kaytranada, Anderson .Paak",0,,0,,staged,
2.8,Robyn,Talk To Me b/w Sexistential,single,Young,2026-01-17,,Caroline Polachek,"Jessie Ware, Charli xcx, Disclosure, Caroline Polachek, Caribou, Christine and the Queens",0,,0,,staged,
2.8,Beverly Glenn-Copeland,Laughter In Summer,album,Transgressive / [PIAS],2026-02-09,,Neil Young,"Bill Withers, Cassandra Jenkins, Grace Jones, Neil Young, Moses Sumney",0,,0,,staged,
2.8,Tom Misch,Days Of Us (feat. Kaidi Akinnibi),single,Beyond The Groove / AWAL,2026-03-30,,Neil Young,"Fleetwood Mac, Joni Mitchell, Neil Young, Jordan Rakei, James Blake",0,,0,,staged,
2.8,Robyn,Blow My Mind,single,Young,2026-03-30,,Caroline Polachek,"Jessie Ware, Charli xcx, Disclosure, Caroline Polachek, Caribou, Christine and the Queens",0,,0,,staged,
2.8,Marlon Magnee,Dark Star,album,Disque Pointu,2026-03-30,,The Stranglers,"La Femme, The Stranglers, Jacques Dutronc, BB Brunes, Juniore, Metronomy, L’Imperatrice",0,,0,,staged,
2.8,Robyn,Sexistential,album,Young,2026-04-10,,Caroline Polachek,"Jessie Ware, Charli xcx, Disclosure, Caroline Polachek, Caribou, Christine and the Queens",0,,0,,staged,
2.8,Tom Misch,Full Circle,album,Beyond The Groove / AWAL,2026-04-10,,Neil Young,"Fleetwood Mac, Joni Mitchell, Neil Young, Jordan Rakei, James Blake",0,,0,,A-File add (already reviewed),
2.6,Ski Team,Burnout/Boys,album,Self-Released,2026-02-09,,Snail Mail,"Clairo, Japanese Breakfast, Snail Mail, Flock of Dimes, Slow Pulp",0,,0,,staged,
2.6,Avril Jensen,"Parfois, les jours de vent",album,Coop Les Faux-Monnayeurs,2026-03-30,,Weyes Blood,"Phoebe Bridgers, The Marias, Men I Trust, Alice Phoebe Lou, Weyes Blood",0,,0,,staged,
2.6,TOKiMONSTA,Joy without Sound,single,Young Art Records,2026-06-20,,Mount Kimbie,"Flying Lotus, KAYTRANADA, Channel Tres, Machinedrum, Toro Y Moi, Little Dragon, Mount Kimbie, Nosaj Thing, Jacques Greene",0,,0,,staged,
0.0,Wormy,Shark River,album,Rose Garden,2026-01-17,,,"Samia, Medium Build, Hudson Freeman, Friendship, Renny Conti",0,,0,,staged,
0.0,Shabaka,A Future Untold b/w Marwah The Mountain,single,Shabaka Records,2026-01-17,,,"Nala Sinephro, Nubya Garcia, Carlos Niño, Floating Points & Pharoah Sanders",0,,0,,staged,
0.0,Glom,Below,album,Nettwerk,2026-01-17,,,"Wishy, Freak Slug, shower curtain, Truth Club",0,,0,,staged,
0.0,Charlie Needs Braces,NYAA WA,album,Self-Released,2026-01-17,,,"Little Dragon, Hot Chip, Toro y Moi, Nai Palm",0,,0,,staged,
0.0,DJ Seinfeld,Plush,single,Ninja Tune,2026-01-17,,,"Disclosure, Sammy Virji, Disco Lines, Jayda G, Romy, salute",0,,0,,staged,
0.0,49th & Main,LIVE 4 THE WEEKEND,single,Counter Records,2026-01-17,,,"Mild Minds, Barry Can't Swim, LEISURE, Maribou State, Mindchatter, Neil Frances",0,,0,,staged,
0.0,M83,Resurrection,album,Other Suns,2026-01-17,,,"Caribou, Floating Points, The xx, Daft Punk, Four Tet",0,,0,,staged,
0.0,River Tiber,Spirals,album,Self-Released,2026-01-17,,,"James Blake, Daniel Caesar, serpentwithfeet, BADBADNOTGOOD",0,,0,,staged,
0.0,Puma Blue,Croak Dream,album,Play It Again Sam,2026-02-09,,,"Duster, dandelion hands, salvia palth, Starry Cat, Teen Suicide",0,,0,,staged,
0.0,GUV,Warmer Than Gold,album,Run For Cover,2026-02-09,,,"Ride, Happy Mondays, Peel Dream Magazine, GIFT",0,,0,,staged,
0.0,Silver Liz,III,album,Extremely Pure,2026-02-09,,,"Tamaryn, Lush, Pale Saints, A Sunny Day In Glasgow, Purity Ring",0,,0,,staged,
0.0,Sam Quealy,Jawbreaker,album,Unity Records,2026-02-09,,,"Magdalena Bay, Blue Hawaii, Grimes, Faux Real, Jessie Ware",0,,0,,staged,
0.0,SAMSARA.,whatever helps you sleep at night,album,Self-Released,2026-02-09,,,"Sub*T, Steel Wool, Julie, Cashier",0,,0,,staged,
0.0,Indira Paganotto,Arte Como Amante,album,[PIAS] Electonique,2026-02-09,,,"Shygirl, Mha Iri, The Dare, Yaeji",0,,0,,staged,
0.0,Sébastien Tellier,Kiss The Beast,album,Because Music,2026-02-09,,,"Daft Punk, L'Impératrice, Metronomy, Chromeo, Hot Chip, Caribou, Braxe & Falcon",0,,0,,staged,
0.0,By Storm,My Ghosts Go Ghost,album,deadAir,2026-02-09,,,"Death Grips, Slauson Malone, Shabazz Palaces",0,,0,,staged,
0.0,Lord Jah-Monte Ogbon,As Of Now,album,Lex Records,2026-02-09,,,"MF DOOM, Danny Brown, $ilkMoney, MAVI, Navy Blue, MIKE, Wiki",0,,0,,staged,
0.0,Thundercat,I Did This To Myself (feat. Lil Yachty),single,Brainfeeder,2026-02-09,,,"Remi Wolf, The Internet, George Clinton, Hiatus Kaiyote, Louis Cole",0,,0,,staged,
0.0,James Blake,Death of Love,single,Good Boy,2026-02-09,,,"Frank Ocean, Sampha, Nick Hakim, Jamie xx, Jamie Woon, serpentwithfeet",0,,0,,staged,
0.0,Tom Misch,Sisters With Me,single,Beyond the Groove / AWAL,2026-02-09,,,"FKJ, Jordan Rakei, Franc Moody",0,,0,,staged,
0.0,Christine and the Queens,Ah Ya (feat. Thee Diane),single,Because Music,2026-02-09,,,"Robyn, Jessie Ware, Kylie Minogue, Chaka Khan, Amber Mark, London Grammar",0,,0,,staged,
0.0,LB aka LABAT,Feel So Good Around U (feat. Skin on Skin),single,Because Music,2026-02-09,,,"Charli XCX, Ninajarachi, Debby Friday, Frost Children, LSDXOXO, Yaeji, FKA Twigs, Arca, UNiiQU3",0,,0,,staged,
0.0,Local Weatherman,Right One,album,Karol,2026-02-09,,,"Joyce Manor, Wishy, Anxious, Microwave, Glitterer",0,,0,,staged,
0.0,Cléa Vincent,Speakeasy,album,Midnight Special,2026-02-09,,,"Gia Margaret, Green-House, Ana Roxanne, Mary Lattimore",0,,0,,staged,
0.0,YARD,YARD II [EP],EP,Self-Released,2026-02-09,,,"Chalk, HEALTH, NAH, Model/Actriz, Fat Dog, Nine Inch Nails",0,,0,,staged,
0.0,Shelita,Into The Depths,album,Self-Released,2026-02-09,,,"Björk, Kadjha Bonet, Blue Hawaii, Braids",0,,0,,staged,
0.0,Alex Krawczyk,Wonders Await,album,MTS,2026-02-09,,,"Jess Williamson, Maggie Rogers, Kacey Musgraves, Sun June",0,,0,,staged,
0.0,.idk.,Even The Devil Smiles,album,broke,2026-02-09,,,"Denzel Curry, Vince Staples, EARTHGANG, JID, Ab-Soul",0,,0,,staged,
0.0,Ana Tijoux,Vinos y Vinilos,single,Victoria Producciones,2026-02-09,,,"Makiza, Erykah Badu, Ibeyi, Sotomayor, iLe, Combo Chimbita, Xenia Rubinos",0,,0,,staged,
0.0,Sotomayor,Si te vas,single,Wonderwheel,2026-02-09,,,"Bomba Estereo, Calle 13, Manu Chao, Lido Pimienta, Meridian Brothers, Malphino, Dengue Dengue Dengue",0,,0,,staged,
0.0,Barry Can't Swim,Chala (My Soul On A Loop),single,Ninja Tune / Late Night Tales,2026-02-09,,,"HAAi, The xx, Bonobo, Little Dragon, Apparat, Caribou",0,,0,,staged,
0.0,LMNT 115,Isotope,album,Quassar Music,2026-02-09,,,"Avicii, Tiësto, David Guetta, The Chainsmokers",0,,0,,staged,
0.0,GENA,The Pleasure Is Yours,album,Lex Records,2026-02-27,,,"Yaya Bey, Baby Rose, duendita, Oriun Sun, ENNY, keiyaA, Georgia Anne Muldrow",0,,0,,staged,
0.0,LB aka LABAT,Feel So Good Around You,album,Because Music,2026-02-27,,,"Charli XCX, Ninajarachi, Debby Friday, Frost Children, LSDXOXO, Yaeji, FKA Twigs, Arca, UNiiQU3",0,,0,,staged,
0.0,Mexican Institute of Sound & Meridian Brothers,Cumbia Fantasia,single,Ansonia Records,2026-02-27,,,"Combo Chimbita, Sotomayor, Bomba Estereo, Pachyman, Cochemea",0,,0,,staged,
0.0,Shabaka,Dance In Praise,single,Shabaka Recordings,2026-02-27,,,"Nala Sinephro, Nubya Garcia, Carlos Niño, Floating Points & Pharoah Sanders",0,,0,,staged,
0.0,The Womack Sisters,You Went Away Too Long,single,Daptone Records,2026-02-27,,,"Lady Wray, Thee Sacred Souls, Sharon Jones, Aretha Franklin, Baby Rose, Solange, Durand Jones & The Indications, Ann Peebles",0,,0,,staged,
0.0,Cain Culto,Chismosa (feat. Jarina De Marco),single,Hive Music,2026-02-27,,,"Dua Saleh, Noga Erez, Sudan Archives, Mykki Blanco, Cartel Madras, Haiku Hands",0,,0,,staged,
0.0,Harry Hayes,I Did You Wrong,single,Technicolour,2026-02-27,,,"Caribou, fred again.., Floating Points, Barry Can't Swim",0,,0,,staged,
0.0,Ms* Gloom,J is for Joon,album,BingBong95!,2026-02-27,,,"True Blue, Cowgirl Clue, Neggy Gemmy, Sassy 009, Snow Strippers",0,,0,,staged,
0.0,MX Lonely,ALL MONSTERS,album,Julia's War,2026-02-27,,,"shower curtain, Joyer, Cusp, Pool Kids, Truth Club",0,,0,,staged,
0.0,The Tullamarines,Safety Blanket EP,EP,Self-Released,2026-02-27,,,"Hippo Campus, Fool Nelson, Beach Bunny, Great Grandpa, Arcy Drive, Spacey Jane, illuminati hotties, Origami Angel, Dayglow, Hop Along",0,,0,,staged,
0.0,Mariae Cassandra,Everything In My Backpocket,album,Self-Released,2026-02-27,,,"beabadobee, girl In red, The Tullamarines, Samia",0,,0,,staged,
0.0,FOCUS Wales SXSW,FOCUS Wales Artist Sampler,album,FOCUS Wales,2026-02-27,,,"The Family Battenberg, Gwenno, Hana Lily, Ben Ellis, Panic Shack",0,,0,,staged,
0.0,spill tab,AngieAngieAngie,album,Because Music,2026-02-27,,,"Magdalena Bay, ill peach, Samia, Sales, Remi Wolf, Sir Babygirl, Goth Babe",0,,0,,staged,
0.0,Tigers In Cairo,as told by...,album,Connection Ecstatic,2026-02-27,,,"Militarie Gun, Joyce Manor, Spiritual Cramp, Japandroids, Jawbreaker, Death Lens, High Vis",0,,0,,staged,
0.0,Denzel Curry & The Scythe,"LIT EFFECT (feat. Bktherula & LAZER DIM 700) b/w THE SCYTHE (feat. TiaCorine, A$AP Ferg)",single,Loma Vista / Concord,2026-02-27,,,"JID, Vince Staples, Maxo Cream, Joey Bada$$, Pivot Gang",0,,0,,staged,
0.0,aja monet,hollyweird,single,drink sum wtr,2026-02-27,,,"Gil Scott Heron, Annahstasia, Mustafa, Moor Mother, Georgia Anne Muldrow, Noname",0,,0,,staged,
0.0,"Antonio Carlos & Jocafi, Adrian Younge, & Ali Shaheed Muhammad",Bacaxá,single,Jazz Is Dead,2026-02-27,,,"Marcos Valle, Azymuth, Joyce Moreno, Dom Salvador, Ebo Taylor, Gilberto Gil, Caetano Veloso, Chico Buarque",0,,0,,staged,
0.0,Memblem,Out Like This (feat. Nia Nadurata),single,Young Art Records,2026-02-27,,,"Sammy Virji, bad tuner, Carlita, Daphni, TEED, Myd, Aluna",0,,0,,staged,
0.0,Rules,Feeling (Hold On You),single,Counter Records,2026-02-27,,,"Barry Can't Swim, bad tuner, Disco Lines, LP Giobbi, Chaos in the CBD",0,,0,,staged,
0.0,"DAMON ALBARN, GRIAN CHATTEN & KAE TEMPEST",Flags,single,War Child Records,2026-02-27,,,,0,,0,,staged,
0.0,Last Dinosaurs,Wellnxss,album,Nettwerk,2026-02-27,,,"Hippo Campus, OK Go, JAWNY, Wallows, HUNNY",0,,0,,staged,
0.0,JOSEPH,Closer to Happy,album,Nettwerk,2026-02-27,,,"Maggie Rogers, Michigander, HAIM, Flock of Dimes, Hotel Fiction",0,,0,,staged,
0.0,SIX60,Right Here Right Now,album,Self-Released,2026-02-27,,,"Ocean Alley, Jack Johnson, Pepper, Vance Joy",0,,0,,staged,
0.0,Milune,Hearts Lust,album,Leanza Music,2026-02-27,,,"Wolf Alice, MUNA, Clairo, CHVRCHES",0,,0,,staged,
0.0,Sotomayor,WABI SABI,album,Wonderwheel Recordings,2026-02-27,,,"Bomba Estereo, Calle 13, Manu Chao, Lido Pimienta, Meridian Brothers, Malphino, Dengue Dengue Dengue",0,,0,,staged,
0.0,Flore Laurentienne,Fleuve VII,single,Secret City,2026-02-27,,,"Walt McClements, Duval Timothy, Macie Stewart, Mary Lattimore, Gia Margaret, Cole Pulice",0,,0,,staged,
0.0,Tigers Jaw,Lost On You,album,Hopeless,2026-03-30,,,"Joyce Manor, Macseal, Citizen, Rainer Maria, The World Is A Beautiful Place & I Am No Longer Afraid to Die",0,,0,,staged,
0.0,Lauren Auder,Whole World As Vigil,album,untitled,2026-03-30,,,,0,,0,,staged,
0.0,Këkht Aräkh,Morning Star,album,Sacred Bones,2026-03-30,,,"Darkthrone, Xasthur, Mütiilation, Bathory, Ulver; features by Bladee, Varg2TM, Spöke, VS-55",0,,0,,staged,
0.0,The Academy Is...,Almost There,album,I Surrender,2026-03-30,,,"Jimmy Eat World, 5 Seconds of Summer, Motion City Soundtrack, Take Me Back Sunday, The All American Rejects",0,,0,,staged,
0.0,Layla Kaylif,Call of the Yoni,album,Self-Released,2026-03-30,,,"Fairuz, Rina Sawayama, Slapp Happy, Hayley Williams, Aroof Aftab, Liz Phair",0,,0,,A-File add (already reviewed),
0.0,Footballhead,Weight of The Truth,album,Tiny Engines,2026-03-30,,,"Anxious, Superheaven, Neck Deep, Chevelle, Hum, “butt rock”",0,,0,,staged,
0.0,Madame Gandhi,Love Letters from Brooklyn,album,Gender Amplified,2026-03-30,,,"Kehlani, Sudan Archives, M.I.A., Kelsey Lu, Jamila Woods",0,,0,,staged,
0.0,Red PK,Horse Like Me,album,Storm Chasers,2026-03-30,,,"Ratboys, Free Range, Lomelda, hemlock, Field Medic",0,,0,,staged,
0.0,Dropkick Murphys & Haywire,New England Forever,album,Dummy Luck / Play It Again Sam,2026-03-30,,,"Flogging Molly, Social Distortion, Rise Against, Bad Religion, Bouncing Souls, Against Me!, Rancid",0,,0,,staged,
0.0,The Undercover Dream Lovers,Atomic House,album,Self-Released,2026-03-30,,,"M83, Neon Indian, Video Age, The Postal Service",0,,0,,A-File add (already reviewed),
0.0,Moonchild,Waves,album,ONErpm,2026-03-30,,,"Robert Glasper, Hiatus Kaiyote, Jill Scott",0,,0,,staged,
0.0,ford.,Music Lights Color,album,ecke,2026-03-30,,,"Caribou, Maribou State, Tame Impala, Quickly Quickly",0,,0,,staged,
0.0,DJ Seinfeld,U Can't Come Home (feat. TS Graye),single,Ninja Tune,2026-03-30,,,"Disclosure, Sammy Virji, Disco Lines, Jayda G, Romy, salute",0,,0,,staged,
0.0,Poolside,Looking Backwards,single,Counter,2026-03-30,,,"Brijean, TOPS, Neil Frances, Roosevelt",0,,0,,staged,
0.0,Sella,Well I Mean,album,Bar/None,2026-03-30,,,"The Front Bottoms, Slaughter Beach, Dog, Modern Baseball, Defiance, Ohio, Emperor X",0,,0,,staged,
0.0,Ora Cogan,Hard Hearted Woman,album,Sacred Bones,2026-03-30,,,"Cornelia Murr, Lael Neale, Hannah Cohen, Julee Cruise, Helena Deland",0,,0,,staged,
0.0,Cashier,The Weight,album,Julia's War,2026-03-30,,,"Wishy, Narrow Head, Joyer, Nothing, Rocket, Whirr, Momma, Hotline TNT",0,,0,,staged,
0.0,Pick a Piper,Dandelion,album,Tin Angel,2026-03-30,,,"Dntel, Julia Holter, Julianna Barwick, Björk, Tim Hecker, Lauren Halo, Spellling",0,,0,,staged,
0.0,Ambalema,Hiyuyá,album,Ñancahuazú,2026-03-30,,,"Rodrigo Amarante, Caetano Veloso, Milton Nascimento",0,,0,,staged,
0.0,James Blake,Trying Times,album,Good Boy / Virgin,2026-03-30,,,"Frank Ocean, Sampha, Nick Hakim, Jamie xx, Jamie Woon, serpentwithfeet",0,,0,,staged,
0.0,Ana Tijoux,97,album,Victoria Producciones,2026-03-30,,,"Makiza, Erykah Badu, Ibeyi, Sotomayor, iLe, Combo Chimbita, Xenia Rubinos",0,,0,,A-File add (already reviewed),
0.0,Memblem,jetlag,album,Young Art Records,2026-03-30,,,"Sammy Virji, bad tuner, Carlita, Daphni, TEED, Myd, Aluna",0,,0,,staged,
0.0,Thundercat,Thunderwave (feat. WILLOW),single,Brainfeeder,2026-03-30,,,"Remi Wolf, The Internet, George Clinton, Hiatus Kaiyote, Louis Cole",0,,0,,staged,
0.0,49th & Main,Sleepwalking,single,Counter Records,2026-03-30,,,"Mild Minds, Barry Can't Swim, LEISURE, Maribou State, Mindchatter, Neil Frances",0,,0,,staged,
0.0,"Antonio Carlos & Jocafi, Adrian Younge, & Ali Shaheed Muhammad",Quixodó,single,Jazz Is Dead,2026-03-30,,,"College/NonComm+ Jazz Marcos Valle, Azymuth, Joyce Moreno, Dom Salvador, Ebo Taylor, Gilberto Gil, Caetano Veloso, Chico Buarque",0,,0,,staged,
0.0,Endearments,An Always Open Door,album,Trash Casual,2026-03-30,,,"The Radio Dept, Youth Group, Nation of Language, Far Caspian, CASTLEBEAT",0,,0,,staged,
0.0,Tinlicker,Dreams Of The Machine,album,[PIAS] Electronique,2026-03-30,,,"LP Giobbi, Kaskade, Teen Daze, CRi, Editors, Circa Waves",0,,0,,staged,
0.0,Flying Lotus,BIG MAMA EP,EP,Brainfeeder,2026-03-30,,,"Floating Points, Kelly Lee Owens, Oneohtrix Point Never, Kaitlyn Aurelia Smith, Jlin",0,,0,,staged,
0.0,Shabaka,Of The Earth,album,Shabaka Records,2026-03-30,,,"Nala Sinephro, Nubya Garcia, Carlos Niño, Floating Points & Pharoah Sanders",0,,0,,staged,
0.0,V/A,Barry Can't Swim Late Night Tales,album,Late Night Tales,2026-03-30,,,"HAAi, The xx, Bonobo, Little Dragon, Apparat, Caribou",0,,0,,staged,
0.0,Hone Dijon,"Just Friends (feat. Adi Oasis, Danielle Ponder, SUNI MF)",single,SOS,2026-03-30,,,"Jayda G, Beyonce, TSHA, The Blessed Madonna, bad tuner, Cakes Da Killa, Channel Tres, Kaytranada",0,,0,,staged,
0.0,nimino,Orla,single,Counter Records,2026-03-30,,,"Barry Can't Swim, Shallou, Mura Masa, SG Lewis, Mild Minds",0,,0,,staged,
0.0,ford.,No Holds Barred,single,ecke,2026-03-30,,,"Caribou, Maribou State, Tame Impala, Quickly Quickly",0,,0,,staged,
0.0,Maria BC,Marathon,album,Sacred Bones,2026-03-30,,,"Marissa Nadler, Grouper, Maria Somerville, Midwife, Chelsea Wolfe",0,,0,,staged,
0.0,Grace Inspace,Heavy Hair,album,TODO,2026-03-30,,,"Alice Phoebe Lou, Billie Marten, Freak Slug, Abby Sage, Hannah Jadagu",0,,0,,staged,
0.0,Taiwan Beats @ SXSW,Taiwan Beats @ SXSW,album,Taiwan Beats,2026-03-30,,,"Our Shame, Sorry Youth, someshiit, Pei-Yu Hung, Modern Cinema Master, and Flesh Juicer",0,,0,,staged,
0.0,Bellaire,Born Funky,album,Le Plan,2026-04-10,,,"Jayda G, L'Imperatrice, Braxe + Falcon, Daft Punk",0,,0,,staged,
0.0,Flore Laurentienne,Volume III,album,Secret City,2026-04-10,,,"Walt McClements, Duval Timothy, Macie Stewart, Mary Lattimore, Gia Margaret, Cole Pulice",0,,0,,staged,
0.0,Lolo Zouaï,Coquelicot (feat. disiz),single,Because,2026-04-10,,,"SZA, Amaarae, Jhené Aiko, Tems, Kehlani",0,,0,,staged,
0.0,Ben Sterling,Around The World (feat. Stevie Appleton),single,Counter,2026-04-10,,,"Justice, Tame Impala, Gorgon City, DRAMA, Jayda G",0,,0,,staged,
0.0,Exiter,Temporary Empty,album,Spirit Goth,2026-04-10,,,,0,,0,,staged,
0.0,Spaceport,Cut The Cake,album,Aura Vortex,2026-04-10,,,"Great Grandpa, Hand Habits, Land of Talk, Sun June",0,,0,,staged,
0.0,Knumears,Directions,album,Run For Cover,2026-04-10,,,"Touché Amoré, Jeromes Dream, Saetia, Vs Self, February, Your Arms Are My Cocoon, Orchid",0,,0,,staged,
0.0,Wendy Eisenberg,Wendy Eisenberg,album,Joyful Noise,2026-04-10,,,"Joni Mitchell, The Roches, Allegra Krieger, Townes Van Zandt, Editrix",0,,0,,staged,
0.0,Jnbo,& Friends,album,College of Knowledge,2026-04-10,,,"Surprise Chef, Orions Belte, L'Eclair, Robohands, Karate Boogaloo",0,,0,,staged,
0.0,Thundercat,Distracted,album,Brainfeeder,2026-04-10,,,"Remi Wolf, The Internet, George Clinton, Hiatus Kaiyote, Louis Cole",0,,0,,staged,
0.0,Antonio Carlos & Jocafi,Antonio Carlos & Jocafi JID026,album,Jazz Is Dead,2026-04-10,,,"Marcos Valle, Azymuth, Joyce Moreno, Dom Salvador, Ebo Taylor, Gilberto Gil, Caetano Veloso, Chico Buarque",0,,0,,staged,
0.0,Brian Jackson & Masters At Work,Home Is Where The Hatred Is (feat. Lisa Fischer),single,BBE Music,2026-04-10,,,"Gil Scott-Heron, Butcher Brown, Nubiyan Twist, Anderson .Paak",0,,0,,staged,
0.0,corto.alto,WHODIS (feat. Mick Jenkins),single,Ninja Tune,2026-04-10,,,"BadBadNotGood, Alfa Mist, Robert Glasper, Kamasi Washington",0,,0,,staged,
0.0,Tatyana Jane,Brutal b/w Orbit,single,Ed Banger Records / Because Music,2026-04-10,,,"Sudan Archives, MIA, Nia Archives, Two Shell, Shygirl, SHERELLE, Y U QT",0,,0,,staged,
0.0,The You in I,New Day,single,The You in I,2026-04-10,,,"Joey Bada$$, Run the Jewels, The Fugees, Blackstar, Common",0,,0,,staged,
0.0,Y U QT,Call My Name (feat. Jen Cooke),single,Technicolour,2026-04-10,,,"Sammy Virji, Overmono, Disclosure, I.JORDAN, Surusinghe, Myd, Aluna",0,,0,,staged,
0.0,ZAINAB,Jadoo,single,Technicolour,2026-04-10,,,"Carlita, Sofia Kourtesis, Chloe Caillet, Dar Disku, Acid Arab, Sami Galbi, DJ Habibeats",0,,0,,staged,
0.0,Jesca Hoop,Long Wave Home,album,Last Laugh,2026-05-06,,,"Joanna Newsom, Julia Holter, Laura Veirs, Vashti Bunyan, Fiona Apple",0,,0,,staged,
0.0,DDK,Verona: Prelude,album,The Media Music,2026-05-06,,,"Mac Miller, Kendrick Lamar, JPEGMAFIA, McKinley Dixon, femdot., .idk.",0,,0,,staged,
0.0,The You in I,The I in You,album,The You in I,2026-05-06,,,"Joey Bada$$, Run the Jewels, The Fugees, Blackstar, Common",0,,0,,staged,
0.0,Mexican Institute of Sound & Meridian Brothers,El campeon (Bienes funerarios),single,Ansonia Records,2026-05-06,,,"Combo Chimbita, Sotomayor, Bomba Estereo, Pachyman, Cochemea",0,,0,,staged,
0.0,E.VAX,When I'm Gone,single,Because Music,2026-05-06,,,"Vegyn, Tycho, Bonobo, Moby, Maribou State, Four Tet, HAAi",0,,0,,staged,
0.0,Sofiane Pamart,MOVIE,album,88 Touches Production/[PIAS],2026-05-06,,,"Lionilk, Nicholas Britell, Jon Brion, Jonny Greenwood, Chilly Gonzales, Philip Glass, Mica Levi",0,,0,,staged,
0.0,Atsuko Chiba,Atsuko Chiba,album,Mothland,2026-05-06,,,"Yamantaka // Sonic Titan, Boris, Les Rallizes Dénudés, Yoo Doo Right, Courting",0,,0,,staged,
0.0,Los Pulpitos,Tentacletek,album,Crammed Discs/PIAS,2026-05-06,,,"Autechre, Squarepusher, Aphex Twin, Skee Mask",0,,0,,staged,
0.0,Jordan Power,Almost Summer,album,Grey Smoke Records,2026-05-06,,,"Riley Pearce, Hayden Calnin, Dermot Kennedy, Healy, Le Youth, Fred again",0,,0,,staged,
0.0,Angélique Kidjo,HOPE!!,album,Parlophone / Warner Music,2026-05-06,,,"Ibibio Sound Machine, Rema, Amadou & Mariam, Baaba Maal, Nathalie Joachim, Captain Planet",0,,0,,staged,
0.0,Lolo Zouaï,Reverie,album,Because Music,2026-05-06,,,"Jessie Reyez, Oklou, Lola Young, Tinashe, Victoria Monét, Amaarae, Kehlani, Shygirl",0,,0,,staged,
0.0,aja monet,melting clocks (feat. Mick Jenkins and Vic Mensa),single,drink sum wtr,2026-05-06,,,"Gil Scott Heron, Annahstasia, Mustafa, Moor Mother, Georgia Anne Muldrow, Noname",0,,0,,staged,
0.0,Adekunle Gold,Formation (feat. Olamide),single,Believe UK,2026-05-06,,,"Davido, 6lack, Tiwa Savage, Olamide, Rema, Wizkid, Tayla, Omah Lay, Ayra Starr, Burna Boy",0,,0,,staged,
0.0,Cain Culto,¡BASTA YA! (feat. Xiuhtezcatl) (Snow Tha Product Remix),single,Hive,2026-05-06,,,,0,,0,,staged,
0.0,Quiet Light,Blue Angel Sparkling Silver 2,album,True Panther,2026-05-06,,,"Grace Ives, Maria Somerville, Oklou, Smerz, Imogen Heap",0,,0,,staged,
0.0,Latchkey Kids,Year of Summers,album,Pathetic Pinky Promise,2026-05-06,,,"The Menzingers, Modern Baseball, Oso Oso, The Gaslight Anthem, Pinegrove",0,,0,,staged,
0.0,Harmonyville,Harmonyville,album,Harmonyville Records,2026-05-06,,,"Stick Figure, SOJA, Protoje, Chronixx, Raging Fyah",0,,0,,staged,
0.0,Honey Dijon,The Nightlife,album,SOS,2026-05-06,,,"Jayda G, Beyonce, TSHA, The Blessed Madonna, bad tuner, Cakes Da Killa, Channel Tres, Kaytranada",0,,0,,staged,
0.0,Josiah and the Bonnevilles,Going Gone,single,Rounder / Concord,2026-05-06,,,"Nathaniel Rateliff, Ruston Kelly, Mt. Joy, The Lone Bellow, Wild Child",0,,0,,staged,
0.0,Carlita,Patchwork (feat. Paige Cavell),single,Ninja Tune,2026-05-06,,,,0,,0,,staged,
0.0,Sébastien Tellier,Thrill Of The Night (feat. Slayyyter & Nile Rodgers) (David Guetta Remix),single,Because,2026-05-06,,,"Daft Punk, L'Impératrice, Metronomy, Chromeo, Hot Chip, Caribou, Braxe & Falcon",0,,0,,staged,
0.0,Mei Semones,Kurage,album,Bayonet,2026-05-06,,,"Luna Li, Pearl & The Oysters, Phoebe Rings, Fievel Is Glauque, Astrud Gilberto",0,,0,,staged,
0.0,Les Louanges,Alouette!,album,Bonsound,2026-05-06,,,"BadBadNotGood, Phoenix, FKJ, La Femme, Gorillaz, Air",0,,0,,staged,
0.0,Studio D'Lux,The Allstar Project,album,Self-Released,2026-05-06,,,"Young Gun Silver Fox, Drugdealer, Michael McDonald, Steely Dan, The Doobie Brothers",0,,0,,staged,
0.0,VINSON,Raw Honey,album,Soft Sweet Radical Productions,2026-06-19,,,"Vince Staples, Earl Sweatshirt, Rochelle Jordan, Jai Paul, Moodymann",0,,0,,staged,
0.0,DJ Shadow,"Nobody Speak Part 2 (Feat. Run The Jewels, Denzel Curry & TiaCorine)",single,Mass Appeal,2026-06-19,,,"De La Soul, Danger Mouse, M.I.A, Danny Brown, JID, IDK, ASAP Rocky",0,,0,,staged,
0.0,Mic King,Hallelujah (feat. Rakim) b/w The Knock (feat. LR Blitzkrieg),single,Firm Language,2026-06-19,,,"Maribou, Caribou, Jamie xx, Nicolas Jaar, Joe Goddard, HAAi",0,,0,,staged,NO AIRPLAY UNTIL FRIDAY
0.0,Eli & Fur,Dreams At Dusk Pt II,album,[PIAS] Électronique,2026-06-19,,,"Tinlicker, Ella Minus, Rufus Du Sol, Sofia Kourtesis",0,,0,,staged,
0.0,Parlour Magic,The Embassy,album,Self-Released,2026-06-19,,,"Bluhm, Bayonne, Vox Rea, Clear Coast",0,,0,,staged,
0.0,Funkwrench Blues,THIS IS THE ONE! (raison d'être),album,Need to Know,2026-06-19,,,"Miles Davis, Frank Zappa, Casiopea, Steely Dan, Herbie Hancock",0,,0,,staged,
0.0,Fly Anakin,(The) Forever Dream: Night Shift,album,Lex,2026-06-19,,,"Pink Siifu, Freddie Gibbs, Dilated Peoples, Roc Marciano, Mike",0,,0,,staged,
0.0,Sosyete '25,Yaygara,album,Tru Thoughts,2026-06-19,,,"Kit Sebastian, Altin Gun, Yin Yin, Vanishing Twin, L'Eclair, Los Bitchos, Rupa, Gaye Su Akyol, Rogér Fakhr",0,,0,,staged,
0.0,girli,it's just my opinion,album,Believe,2026-06-19,,,"Tegan and Sara, Muna, G-Flip, Maude Latour, Hayley Kiyoko, Chapell Roan, Ashnikko",0,,0,,staged,
0.0,Bonobo,Me and You,single,Ninja Tune,2026-06-19,,,"Maribou, Caribou, Jamie xx, Nicolas Jaar, Joe Goddard, HAAi",0,,0,,staged,
0.0,Nick Hakim,I Can See,single,Earseed Records,2026-06-19,,,"Moses Sumney, duendita, Charlotte Day Wilson, Orion Sun, Kadhja Bonet",0,,0,,staged,
0.0,Carlita,Manhattan (feat. SOFI TUKKER),single,Ninja Tune,2026-06-19,,,"DRAMA, LP Giobbi, Aluna, TSHA, Fred again..",0,,0,,staged,
0.0,Erick The Architect,No Doubt (I'm In Love),single,Mass Appeal,2026-06-19,,,"Anderson .Paak, Mac Miller, Vince Staples, Channel Tres, Ric Wilson, KAYTRAMINE",0,,0,,staged,AIRPLAY EMBARGO UNTIL FRIDAY
0.0,DESIREE,Macho (feat. Emmanuel Jal),single,Ninja Tune,2026-06-19,,,,0,,0,,staged,
0.0,Actress,Live By You (feat. CASISDEAD),single,Ninja Tune,2026-06-19,,,"Jump Source, Loraine James",0,,0,,staged,
0.0,Slippers,Slippers 08,album,Perennial/K,2026-06-19,,,"Dear Nora, The Apples In Stereo, Yucky Duster, Good Flying Birds, Tiger Trap",0,,0,,staged,
0.0,Vansire,Taking Solace,album,Self-Released,2026-06-19,,,"Men I Trust, Her’s, Kings of Convenience, Triathalon, Drugdealer, Washed Out",0,,0,,staged,
0.0,Vince Staples,Cry Baby,album,Loma Vista / Concord,2026-06-19,,,"Kendrick Lamar, Earl Sweatshirt, Danny Brown, Denzel Curry, Pink Siifu",0,,0,,staged,NO AIRPLAY UNTIL FRIDAY
0.0,DJ Seinfeld,If This Is It,album,Ninja Tune,2026-06-19,,,"Disclosure, Sammy Virji, Disco Lines, Jayda G, Romy, salute",0,,0,,staged,
0.0,Tatyana Jane,Discordia EP,EP,Ed Banger/Because,2026-06-19,,,"Sudan Archives, MIA, Nia Archives, Two Shell, Shygirl, SHERELLE, Y U QT",0,,0,,staged,
0.0,Seun Kuti & Egypt 80,Na Dem (feat. Tom Morello),single,Django Music,2026-06-19,,,"Fela Kuti, Ezra Collective, Kokoroko, Femi Kuti",0,,0,,staged,
0.0,Cautious Clay,Green Screen (1pm),single,Concord,2026-06-19,,,"Omar Apollo, Dijon, Halima, Amber Mark, Anderson .Paak, Emotional Oranges",0,,0,,staged,
0.0,Chloé Caillet,Lemme Dance (feat. Myd),single,Ninja Tune,2026-06-19,,,"Justice, Honey Dijon, SG Lewis, Carlita, TEED, Laurence Guy",0,,0,,staged,
0.0,49th & Main,Round The Block (feat. Jane),single,Counter Records,2026-06-19,,,"Mild Minds, Barry Can't Swim, LEISURE, Maribou State, Mindchatter, Neil Frances",0,,0,,staged,
0.0,Chaepter,Dragon of Shame,album,Flesh & Bone,2026-06-19,,,Stuck,0,,0,,staged,
0.0,Gigi Masin,Movement,album,Sacred Bones,2026-06-19,,,"Gaussian Curve, Alvedon, Nils Frahm, Lionmilk, C418, Harold Budd",0,,0,,staged,
0.0,Brian Jackson,Now More Than Ever,album,BBE Music,2026-06-19,,,"Gil Scott-Heron, Butcher Brown, Nubiyan Twist, Anderson .Paak",0,,0,,staged,
0.0,Rules,As Soon As I Get Home EP,EP,Counter,2026-06-19,,,"Barry Can't Swim, bad tuner, Disco Lines, LP Giobbi, Chaos in the CBD",0,,0,,staged,
0.0,Galantis,Stay Alive (feat. The Devil's Tax Return),single,Counter,2026-06-19,,,"RÜFÜS DU SOL, Disclosure Disco Lines, Calvin Harris, Icona Pop, nimino, Flume",0,,0,,staged,
0.0,Elderbrook,Is It Over Now + IONITY Remix,single,Ninja Tune,2026-06-19,,,"ODESZA, Solomun, SG Lewis, BAYNK, Bonobo",0,,0,,staged,
0.0,Orquesta Akokán,No Me Voy (feat. Carolina Oliveros),single,Daptone,2026-06-19,,,"Benny More, Combo Chimbita, Irakere, Willie Rosario, Buena Vista Social Club, Fania All-stars",0,,0,,staged,
0.0,Candice Hoyes,Pink Clouds,single,La Reserve,2026-06-20,,,"Madison McFerrin, Adi Oasis, Hiatus Kaiyote, Tom Misch, esperanza spalding",0,,0,,staged,
0.0,Angèle,What You Want (feat. Justice) (Fcukers Remix),single,VL/Ed Banger/Because,2026-06-20,,,"Robyn, Kim Petras, Rina Sawayama, Dua Lipa, Sofi Tukker, La femme, L’impératrice",0,,0,,staged,
0.0,DJ Seinfeld,If This Is It (feat. Dan Whitlam),single,Ninja Tune,2026-06-20,,,"Disclosure, Sammy Virji, Disco Lines, Jayda G, Romy, salute",0,,0,,staged,
0.0,Chuck Strangers,Everyday (feat. Obii Say),single,Lex Records,2026-06-20,,,"billy woods, Armand Hammer, Ka, The Alchemist, Pink Siifu, Mach Hommy, Navy Blue",0,,0,,staged,
0.0,"Joyce Moreno, Tutty Moreno & Adrian Younge",Janeiro,single,Jazz Is Dead,2026-06-20,,,"Gal Costa, Rogê, Bruno Berle, Marcos Valle, Milton Nascimento",0,,0,,staged,
0.0,camoufly,Himalaya,single,Technicolour,2026-06-20,,,"salute, Pretty Girl, Carlita, yune pinku, Sam Alfred, Lawrence Hart",0,,0,,staged,
0.0,The Womack Sisters,Chauffeur,single,Daptone Records,2026-06-20,,,"Lady Wray, Thee Sacred Souls, Sharon Jones, Aretha Franklin, Baby Rose, Solange, Durand Jones & The Indications, Ann Peebles",0,,0,,staged,
0.0,nimino,Take My Space,single,Counter Records,2026-06-20,,,"Barry Can't Swim, Shallou, Mura Masa, SG Lewis, Mild Minds",0,,0,,staged,
