Genre,Artists,Date,Venue,City,DJs to Give Away Tix,give by,# tix,Show time of tix*
Progressive Jazz,Acoustic Alchemy,"Tuesday, October 13, 2026",Yoshis,Oakland,Jeff,10/12/2026,3,
Alt Latin,Dos Santos,"Wednesday, October 14, 2026",Yoshis,Oakland,"JT, s-mahn",10/13/2026,3,
Americana,Sister Sadie,"Wednesday, October 14, 2026",Freight,Berkeley,"Mr Bones, Joseph",10/13/2026,2,
"Indie pop, noise pop",Dummy,"Wednesday, October 14, 2026",Chapel,SF,Red West,10/13/2026,2,
"Classic rock,cover band",Brit Floyd,"Wednesday, October 14, 2026",Fox,Oakland,"Juliet, Shineymic, Stace, Lyric",10/13/2026,1,
Indie Rock,Dinosaur Jr,"Monday, October 19, 2026",Guild,Menlo Park,Suzi,10/18/2026,2,
Indie rock,Hovvdy,"Monday, October 19, 2026",Chapel,SF,Francis,10/18/2026,2,
Americana,Devil Makes Three,"Tuesday, October 20, 2026",Chapel,SF,"Mr Bones, Be Sharp, Joseph",10/19/2026,1,
Americana,Devil Makes Three,"Wednesday, October 21, 2026",Chapel,SF,"Mr Bones, Be Sharp, Joseph",10/20/2026,1,
Blues,Tommy Castro,"Thursday, October 22, 2026",Freight,Berkeley,Sherri,10/21/2026,2,
Blues-rock,Gary Clark Jr,"Friday, October 23, 2026",Fox,Oakland,"Sherri, Shineymic",10/22/2026,3,
Americana,War & Treaty,"Monday, October 26, 2026",Chapel,SF,Mr Bones,10/25,2,
Indie rock,Slow Pulp,"Wednesday, October 28, 2026",Fillmore,SF,Cleo,10/27,2,
"Soul, blues, R&B",Halloween Bash with Lara Price,"Wednesday, October 28, 2026",Fox RWC,Redwood City,Sherri,10/27,2,
Americana,Katie Pruitt,"Thursday, October 29, 2026",Chapel,SF,Mr Bones,10/28,2,
