"The Walkmen","The Rat","Bows + Arrows","Record Collection","4:23"
"Palace","Denny's","Ox","","4:50"
"Palace","Made My Bed","Ox","Palace Presents, AWAL","4:01"
"Iron & Wine","In Your Ocean (Acoustic)","Hen's Teeth (Deluxe Edition)","","3:31"
"Father John Misty","Real Love Baby","Real Love Baby","Sub Pop Records","3:10"
"Father John Misty","Smoochie","Pure Comedy","Sub Pop Records","3:46"
"Jimmy Buffett","Come Monday","Living And Dying In 3 / 4 Time","Collectables, Back To Back Hit Series","3:12"
"Lex Walton","Ultimate Love 4Ever","ULTIMATE LOVE FOREVER","","3:06"
"Hamilton Leithauser, Rostam","In A Black Out (Piano Version)","In A Black Out (Piano Version)","","3:37"
"Devo","Through Being Cool (2023 Remaster)","Energy Dome Frequencies: Songs From The DEVO Documentary","","3:12"
"The Psychedelic Furs","All That Money Wants","All of This and Nothing","Columbia","3:46"
"SOFT PLAY","Everything and Nothing","HEAVIER JELLY","BMG","3:58"
"Ty Segall","My Lady's On Fire","Freedom's Goblin","Drag City","3:53"
"Royal Blood","Figure It Out","Royal Blood","Warner Bros. Records, Warner/Chappell Music Publishing Ltd., Nam Studios, Metropolis Studios, Imperial Galactic Limited, Imperial Galactic Limited, Black Mammoth Records, Warner Music UK Ltd.","3:04"
"This Is Lorelei","Hey Sarah Is It Gonna Rain Forever","The Singer in My Band","Matador","3:28"
"Lucy Dacus","Planting Tomatoes","Planting Tomatoes","Geffen Records, Lucy Dacus, Lucy Dacus, Geffen Records, Universal International Music B.V., Big Bad Sound, Lankershim Ranch Studios, Nomograph Mastering, GZ Media","3:36"
"Westside Cowboy","You Could Have Died There On The Dancefloor","It Goes On","Island Records, Island Records, Blood Records","2:44"
"Sharp Pins","Live Without Her Love","Mod Mayday 23","K Records","4:09"
"Twisted Teens","Riding","Florida Water Blues","Going Underground Records","3:54"
"Twisted Teens","Peekaboo Hand","Blame The Clown","Jazz Life / Chain Smoking Records","3:23"
"This Is Lorelei","The Kid With the Crown","The Kid With the Crown","Matador","4:15"
"Way Dynamic","Officially","Officially","Jagjaguwar, Jagjaguwar","3:26"
"Bleachers","i'm not joking","i'm not joking","Dirty Hit","3:55"
"Father John Misty","The Old Law","The Old Law","Sub Pop Records","4:42"
"BODEGA","Literary World","All Inside Aquarium","Chrysalis Records","3:00"
"Ty Segall","Play Cowboys","Chrome","Drag City","4:59"
"TV Priest","Just So You Know","Cartoons","AMK / Kartel Music Group","3:42"
"Joy Division","She's Lost Control (2019 Digital Master)","Unknown Pleasures (2019 Digital Master)","","3:58"
"Blancmange","Living On the Ceiling (Extended Version)","Happy Families","London Records, London Music Stream Ltd.","5:40"
"Yard Act","Over The Barrel","You're Gonna Need A Little Music","ZEN F.C., Island Records, Universal Music Operations Ltd., Universal Music Operations Ltd., Universal Music, Universal International B.V.","4:33"
"Orville Peck","Already Gone","Already Gone","Warner Records","2:50"
"Mr. Gnome","Fader","Fader","El Marko Records","7:02"
"Dinosaur Jr.","Blowin' Up","Blowin' Up","Jagjaguwar","3:06"
"Queens of the Stone Age","Insignificant Other","Insignificant Other","Matador Records","5:54"
"Queens Of The Stone Age","Who'll Be The Next In Line (Non-Lp Version)","Rated R - Deluxe Edition","","2:30"
"Royal Blood","Ten Over Ten","Ten Over Ten","Warner Records","3:18"
"Killing Joke","Eighties (2007 Digital Remaster)","Night Time","Let Them Eat Vinyl, BMG Songs Ltd., Abbey Road Studios, Abbey Road Studios, Hansa Tonstudios, The Hit Factory, Olympic Studios, BMG Songs Ltd., Plastic Head Distribution, Plastic Head Distribution, EMI, Virgin Records Ltd., E.G. Music, Let Them Eat Vinyl","4:00"
"Depeche Mode","Stripped","Black Celebration (Deluxe)","Sire Records (Modern)","4:18"
"Tricky, Mitch Sanders","Because I Don’t Know","Different When It's Silent","False Idols","4:34"
"BODEGA","Weather Me","All Inside Aquarium","What's Your Rupture?","3:23"
"TV Priest","Love Song (A Good Kind of Weapon)","Cartoons","AMK","3:53"
"Death Valley Girls","Message From the Venus Flower","Welcome to Earth","","2:43"
"The Avalanches","Blue Shadows (feat. Karen O)","Blue Shadows","Modular","2:40"
"Angel Olsen","Shut Up Kiss Me","MY WOMAN","Jagjaguwar","3:23"
"Caroline Rose","Chow Mein","Gentling the Horse at the Walt Whitman Mall","SUCK Records","2:25"
"Caroline Rose","Yip Yip Yow","Yip Yip Yow","National Public Radio","2:47"
"The Bobby Lees","Got Me Good","New Self","Epitaph","1:45"
"Esso, Sylvan","Hot Slob","Hot Slob (radio edit)","Psychic Hotline","2:45"
"This Is Lorelei","Oh No Now My","Oh No Now My","MOR","3:09"
"Yard Act","New Beginnings","New Beginnings","Republic","3:28"
