Request (x),Artist,Album,Label,Release date,Type,Fit,Status,Lead track,FCC status,Notes,Boilerplate done,Added to To Review,Email date,Plays artist,Single aired,Added
,BODEGA,"=HYPERLINK(""https://music.youtube.com/search?q=BODEGA+All+Inside+Aquarium"",""All Inside Aquarium"")","=HYPERLINK(""https://www.chrysalisrecords.com"",""Chrysalis Records"")",2026-10-09,album,69.1,Friday sweep Oct. 9; library check pending (Zookeeper blocked),Olivia,"CLEAN (Olivia, Combustible)",Follow-up to Our Brand Could Be Your Life (2024). Steps away from the post-punk sound. Slow Train and the title track are already in Weekly.,,,,BODEGA,yes,2026-10-09
,Cameron Winter,"=HYPERLINK(""https://music.youtube.com/search?q=Cameron+Winter+Live+at+Carnegie+Hall"",""Live at Carnegie Hall"")","=HYPERLINK(""https://www.partisanrecs.com"",""Partisan Records (verify)"")",2026-10-09,live,37.5,Friday sweep Oct. 9; library check pending,It All Fell in the River (Live at Carnegie Hall),FCC fucking x1 (Emperor XIII in Shades); It All Fell in the River CLEAN,Live album. NPR New Music Friday top album of the week.,,,,Cameron Winter,,2026-10-09
,Jamie T,"=HYPERLINK(""https://music.youtube.com/search?q=Jamie+T+Ghosts+%28100+Days+of+Morning%29"",""Ghosts (100 Days of Morning)"")","=HYPERLINK(""https://bandcamp.com/search?q=Jamie+T&item_type=b"",""Label unverified"")",2026-10-09,album,,Friday sweep Oct. 9; library check pending,All I Wanna See Is Now,CLEAN (All I Wanna See Is Now),"Sixth album, follows The Theory of Whatever (2022).",,,,,,2026-10-09
,Heavens to Betsey,"=HYPERLINK(""https://music.youtube.com/search?q=Heavens+to+Betsey+baby%27s+gone"",""baby's gone"")","=HYPERLINK(""https://killrockstars.com"",""Kill Rock Stars"")",2026-10-16,album,,Friday sweep Oct. 9; library check pending,ain't never goin' back,UNVERIFIED (Calculated); lead track CLEAN per plan screen,"Riot grrrl duo, new album. Bottom of the Hill, S.F., Oct. 17 (sold out) and Oct. 18. Calculated added to Weekly.",,,,,,2026-10-09
,Dummy,"=HYPERLINK(""https://music.youtube.com/search?q=Dummy+Do+You+Love+the+Color+of+the+Sky%3F"",""Do You Love the Color of the Sky?"")","=HYPERLINK(""https://www.polyvinylrecords.com"",""Polyvinyl Records"")",2026-10-16,album,40.0,Friday sweep Oct. 9; library check pending,Full Spectrum Dominance,CLEAN (Full Spectrum Dominance),"Chapel, S.F., Oct. 14.",,,,,,2026-10-09
,Tropical Fuck Storm,"=HYPERLINK(""https://music.youtube.com/search?q=Tropical+Fuck+Storm+Inflatable+Graveyard+Vol.+2"",""Inflatable Graveyard Vol. 2"")","=HYPERLINK(""https://www.firerecords.com"",""Fire Records"")",2026-10-16,album,35.9,Friday sweep Oct. 9; library check pending,,UNVERIFIED,24 YTM plays; aired on 3 shows.,,,,Tropical Fuck Storm,,2026-10-09
,Caroline Rose,"=HYPERLINK(""https://music.youtube.com/search?q=Caroline+Rose+Gentling+the+Horse+at+the+Walt+Whitman+Mall"",""Gentling the Horse at the Walt Whitman Mall"")","=HYPERLINK(""https://www.suckrecords.com"",""SUCK Records"")",2026-10-23,album,67.3,Friday sweep Oct. 9; library check pending,Calm,UNVERIFIED,"Singles: Hello Again, Jim (swapped out of Air Order Oct. 6, cool-off to Dec. 5) and Calm. Chow Mein aired.",,,,Caroline Rose,,2026-10-09
,Car Seat Headrest,"=HYPERLINK(""https://music.youtube.com/search?q=Car+Seat+Headrest+Teen+of+Denial%3A+Joe%27s+Story+%28physical+edition%29"",""Teen of Denial: Joe's Story (physical edition)"")","=HYPERLINK(""https://matadorrecords.com"",""Matador Records"")",2026-10-16,reissue,73.5,Friday sweep Oct. 9; library check pending,,UNVERIFIED,Physical edition of the 2016 album. Aired on 54 shows.,,,,Car Seat Headrest,,2026-10-09
x,The Tallest Man On Earth,"=HYPERLINK(""https://music.youtube.com/browse/MPREb_FFgH4K6rbJJ"",""Just Beyond Endless Mountain"")",ANTI-,2026-10-09,album,,requested by Stace; not in library,,UNVERIFIED (no lyrics posted),Template: https://docs.google.com/document/d/1iPgNjerHf-vwZorz2BKWH8KpTNiUhm-B3mzK3wPUajA/edit,2026-10-08,2026-10-09 (full album),,,,2026-10-08
x,Fontaines D.C.,"=HYPERLINK(""https://music.youtube.com/search?q=Fontaines+D.C.+Dopamine+Chamber"",""Dopamine Chamber"")","=HYPERLINK(""https://www.xlrecordings.com"",""Xl Recordings"")",2026-10-16,album,,"Tuesday sweep Oct. 6; in library (Dogrel, Skinty Fia), not this album",Marianne,"FCC ""shit"" x10 (Tongue, Refrain); Marianne, Six Shot Morning, Happy For You CLEAN; 7 unverified","Fifth album, produced by James Ford. Rosalia guests on 'Where Is Gone?'. Tongue is in FCC Edit Needed. Template: https://docs.google.com/document/d/1AZtFJqo61sRASX71q8XByR6PqV0FGhTcv3gTBWSqnJE/edit",2026-10-09,2026-10-09 (Marianne only; album not on YTM until Oct. 16),,Fontaines D.C.,,2026-10-06
,DIIV,"=HYPERLINK(""https://music.youtube.com/search?q=DIIV+ZIRP%21"",""ZIRP!"")","=HYPERLINK(""https://www.concordrecords.com"",""Fantasy Records"")",2026-10-30,album,,"Tuesday sweep Oct. 6; in library (4 albums), not this album",Trillions,FCC fucking x1 (Trillions); in FCC Edit Needed,"Fifth album, produced by A. G. Cook. Singles: The Fountain, Kid, Trillions.",,,,DIIV,,2026-10-06
,Clinic,"=HYPERLINK(""https://music.youtube.com/search?q=Clinic+Wild+in+the+Streets"",""Wild in the Streets"")","=HYPERLINK(""https://www.dominomusic.com"",""Domino Recording Company"")",2026-10-30,album,,"Tuesday sweep Oct. 6; in library (older albums), not this album",You and I,UNVERIFIED,Tenth album. First single You and I (2:27).,,,,,,2026-10-06
,Spanish Love Songs,"=HYPERLINK(""https://music.youtube.com/search?q=Spanish+Love+Songs+Future+Nausea"",""Future Nausea"")","=HYPERLINK(""https://www.purenoise.net"",""Pure Noise Records (not in ZK)"")",2026-11-06,album,,Tuesday sweep Oct. 6; not in library,Doom Tripping,"FCC shit x1 (Doom Tripping, Verse 3); in FCC Edit Needed",Produced by Chris Walla and Sarah Tudzin.,,,,,,2026-10-06
,Kings of Leon,"=HYPERLINK(""https://music.youtube.com/search?q=Kings+of+Leon+O+My+Beloved"",""O My Beloved"")","=HYPERLINK(""https://www.kingsofleon.com"",""Love Tap Records (not in ZK)"")",2026-11-06,album,,Tuesday sweep Oct. 6; in library (Aha Shake Heartbreak only),Cold Blue Dawn,UNVERIFIED,"Tenth album, distributed by Virgin Music.",,,,Kings of Leon,,2026-10-06
,Dazy,"=HYPERLINK(""https://music.youtube.com/search?q=Dazy+MAXIMUMBLASTSUPERLOUD+Vol.+2%3A+24+Songs+From+2023-2026"",""MAXIMUMBLASTSUPERLOUD Vol. 2: 24 Songs From 2023-2026"")","=HYPERLINK(""https://www.lameorecords.com"",""Lame-O Records"")",2026-10-23,album,,Tuesday sweep Oct. 6; not in library,Ugly,UNVERIFIED,Compilation of singles and EPs plus seven new songs. Digital and cassette.,,,,,,2026-10-06
,Michael Kiwanuka,"=HYPERLINK(""https://music.youtube.com/search?q=Michael+Kiwanuka+Fudge"",""Fudge"")","=HYPERLINK(""https://www.michaelkiwanuka.com"",""Polydor"")",2026-10-23,album,,Tuesday sweep Oct. 6; not in library,Summer Clothes,CLEAN,"Fifth album, self-produced. First release since his health struggles last year.",,,,Michael Kiwanuka,,2026-10-06
,Cursive,"=HYPERLINK(""https://music.youtube.com/search?q=Cursive+Who%27s+Watching+%28Original+Motion+Picture+Soundtrack%29"",""Who's Watching (Original Motion Picture Soundtrack)"")","=HYPERLINK(""https://www.15passenger.com"",""15 Passenger Records (not in ZK)"")",2026-10-30,album,,"Tuesday sweep Oct. 6; in library (6 albums), not this record",Wounded Animal,UNVERIFIED,Soundtrack to Tim Kasher's film. Wounded Animal is the band's first new music since Devourer (2024).,,,,,,2026-10-06
,Knifeplay,"=HYPERLINK(""https://music.youtube.com/search?q=Knifeplay+What+Is+Truth%3F"",""What Is Truth?"")","=HYPERLINK(""https://doubledoublewhammy.com"",""Double Double Whammy"")",2027-01-22,album,,Tuesday sweep Oct. 6; announced; not in library,Love Song,UNVERIFIED (10 minutes),Third album. Lead single Love Song runs about 10 minutes.,,,,,,2026-10-06
,Gripper,"=HYPERLINK(""https://music.youtube.com/search?q=Gripper+Another+Night+Of+Fun+On+Me"",""Another Night Of Fun On Me"")","=HYPERLINK(""https://bandcamp.com/search?q=Stupid%20Bag%20Records&item_type=b"",""Stupid Bag Records (not in ZK)"")",2027-02-09,album,,Tuesday sweep Oct. 6; announced debut; not in library,,UNVERIFIED,Debut album. Two tracks released Oct. 2.,,,,,,2026-10-06
,Brigitte Calls Me Baby,"=HYPERLINK(""https://music.youtube.com/search?q=Brigitte+Calls+Me+Baby+Altitude"",""Altitude"")","=HYPERLINK(""https://ato-records.com"",""Ato Records"")",2026-10-02,single,,Tuesday sweep Oct. 6; 4-song single release; not in library,Altitude,CLEAN,"Includes Geordie, I Can Take the Sun Out of the Sky and Slumber Party.",,,,,,2026-10-06
x,L7,"=HYPERLINK(""https://music.youtube.com/search?q=L7+Loma+Linda"",""Loma Linda"")","=HYPERLINK(""https://bandcamp.com/search?q=L7&item_type=b"",""Self-released (verify)"")",2026-10-05,single,,Tuesday sweep Oct. 6; library has older albums,Loma Linda,UNVERIFIED,"Free download from the band's site the first week, then streaming. Released ahead of The Last Hurrah final tour (Oct. 6 to Nov. 14). Bassist Janis Tanaka returns. Template: https://docs.google.com/document/d/1mH5iPGLW1Wiq4_XGWjX-ew-gOh3TOR53eZZMsHZxetU/edit",2026-10-09,2026-10-09 (single),,L7,,2026-10-06
,Teens in Trouble,"=HYPERLINK(""https://music.youtube.com/search?q=Teens+in+Trouble+I+Do"",""I Do"")","=HYPERLINK(""https://bandcamp.com/search?q=Lauren%20Records&item_type=b"",""Lauren Records"")",2026-10-05 (verify),single,,Tuesday sweep Oct. 6; not in library,I Do,CLEAN,Also on Sneak Dog Records. Recorded with Dave Schiffman. Follows the 2024 album What's Mine.,,,,,,2026-10-06
x,Cut Worms,"=HYPERLINK(""https://music.youtube.com/playlist?list=OLAK5uy_m8gnkgmK0r8Jkfw3V5nMhE3gIaFLuWtPI"",""Transmitter"")","=HYPERLINK(""https://jagjaguwar.com"",""Jagjaguwar"")",2026-03-13,album,,requested by Stace; not in library (has 2023 self-titled),Long Weekend,CLEAN,Template: https://docs.google.com/document/d/18nhVzPLxHFmUJQTRXgyu1KEaJDuXvoI46gsO4kwwfpc/edit,2026-10-04,2026-10-04 (full album),,Cut Worms,,2026-10-05
x,Tricky,"=HYPERLINK(""https://music.youtube.com/playlist?list=OLAK5uy_knqyblKwuze9tbLuTckP124T6S5Ajcn3s"",""Different When It's Silent"")","=HYPERLINK(""https://tricky.bandcamp.com"",""False Idols"")",2026-07-17,album,,requested by Stace; not in library,Out of Place,FCCs 6.10,Template: https://docs.google.com/document/d/1PlCAGtgt796YoaYdZX7ySGyVDpfh3onRy8JZBctMP4M/edit,2026-10-04,2026-10-04 (full album),,Tricky,,2026-10-05
x,Ty Segall,"=HYPERLINK(""https://music.youtube.com/playlist?list=OLAK5uy_nfjcx5QpkSwAyiUqAzUpinwPC3l-q-Luw"",""Chrome"")","=HYPERLINK(""https://www.dragcity.com"",""Drag City"")",2026-08-28,album,,requested by Stace; not in library,Black Paint,CLEAN,Template: https://docs.google.com/document/d/1JMnEW-DGAMR6OVfNyQAopLlfi75FOTfMnkBZSOEHiVA/edit,2026-10-04,2026-10-04 (full album),,Ty Segall,yes,2026-10-05
x,Palace,"=HYPERLINK(""https://music.youtube.com/playlist?list=OLAK5uy_n0Lf2sLNB_1FFxKpRnfMz_mkzl6ocNGhI"",""Ox"")","=HYPERLINK(""https://bandcamp.com/search?q=Palace%20Presents/Awal&item_type=b"",""Palace Presents/Awal"")",2026-09-18,album,,requested by Stace; not in library,Kid,FCCs 3.8.10,Template: https://docs.google.com/document/d/1a9Wq3fnul1ITzeQk3JWf2vKiMFgUG8yo5JKke4KcNgc/edit,2026-10-04,2026-10-04 (full album),,,,2026-10-05
x,Lex Walton,"=HYPERLINK(""https://music.youtube.com/playlist?list=OLAK5uy_l85YEe_oiS_nRcDsPPqWNOn89Pjep1WjI"",""Ultimate Love Forever"")","=HYPERLINK(""https://www.subpop.com"",""Sub Pop Records"")",2026-08-26,album,,requested by Stace; not in library,Adrian Borland Will Have His Revenge On London,FCCs 2.3,Template: https://docs.google.com/document/d/1ApggA6DvzNnf6sdS-JpH3Dy_XY-sjk7QQs7HLkB2Y4M/edit,2026-10-04,2026-10-04 (full album),,,,2026-10-05
x,Twisted Teens,"=HYPERLINK(""https://music.youtube.com/playlist?list=OLAK5uy_kZXfMC2-w-3Qj9rJfqK2ZMPmKr-mjctFk"",""Blame the Clown"")","=HYPERLINK(""https://bandcamp.com/search?q=Chain%20Smoking%20Records&item_type=b"",""Chain Smoking Records"")",2026-02-13 (verify),album,,requested by Stace; not in library,Is It Real?,FCCs 2.7.8,Template: https://docs.google.com/document/d/1HQ3lAxkV-HR7WHCKAJVQumT1Pgjep66JuLs3liz0ZPM/edit,2026-10-04,2026-10-04 (full album),,Twisted Teens,yes,2026-10-05
x,Twisted Teens,"=HYPERLINK(""https://music.youtube.com/playlist?list=OLAK5uy_nBC9qbCjCIB4Gv0tk5eFkonAoKANhqGV4"",""Florida Water Blues"")","=HYPERLINK(""https://www.goingundergroundrecords.com"",""Going Underground"")",2026-07-10,album,,requested by Stace; not in library,Hand Me A Cigarette,FCCs 1.5.7.9.10.12,Template: https://docs.google.com/document/d/1nut8CJNkWuG-RGJkVTGpSfeEg3vyVqpqXkntycU2KIQ/edit,2026-10-04,2026-10-04 (full album),,Twisted Teens,yes,2026-10-05
,Go Public,"=HYPERLINK(""https://music.youtube.com/playlist?list=OLAK5uy_mnoVM4TcZetoh8bWrlGPjB2gyuE6XpNfg"",""You Are Traffic"")","=HYPERLINK(""https://hhbtm.com"",""Happy Happy Birthday To Me"")",2026-09-18 (verify),album,48.4,promo (md@ list); not in library,,,"Adds 9/22. RIYL IDLES, Dry Cleaning, Parquet Courts.",,,2026-09-21,,,2026-10-05
,The Van Pelt,"=HYPERLINK(""https://music.youtube.com/playlist?list=OLAK5uy_n-bNbfnNJHXHOnzDRAF1pX0TdQyrkQSAg"",""Remain Obscure"")","=HYPERLINK(""https://ernestjenning.com"",""Ernest Jenning"")",2026-09-18,album,37.6,promo (md@ list); not in library,,,"Adds 9/29. RIYL Slint, Television, Interpol.",,,2026-09-28,,,2026-10-05
,Taylor Ashton,"=HYPERLINK(""https://music.youtube.com/playlist?list=OLAK5uy_lrptPDfK2NYPjO6ugfRkSjrQ2p21TBoAg"",""Susanna b/w Last Time You Saw Me"")","=HYPERLINK(""https://bandcamp.com/search?q=Birthday%20Cake&item_type=b"",""Birthday Cake"")",2026-09-30 (verify),single,31.1,promo (md@ list); not in library,Susanna,,"Adds 10/6. RIYL Andrew Bird, Iron & Wine. Album Charades due Nov. 6.",,,2026-10-01,,,2026-10-05
,Gabriella Olivo,"=HYPERLINK(""https://music.youtube.com/playlist?list=OLAK5uy_k7gSkED_5deUOwijdYuFXfhlx0dgB8Ttc"",""Reflexiones"")","=HYPERLINK(""https://bandcamp.com/search?q=Duprince&item_type=b"",""Duprince"")",2026-10-02,album,18.9,promo (md@ list); not in library,,,"Adds 10/6. RIYL Beach House, Alex G.",,,2026-10-01,,,2026-10-05
,Dinosaur Jr.,"=HYPERLINK(""https://music.youtube.com/playlist?list=OLAK5uy_n4rZww-gfB4b-VFW-sZvmKyGVhKs0gz8A"",""There Near"")","=HYPERLINK(""https://jagjaguwar.com"",""Jagjaguwar"")",2026-08-28,album,,NACC #3; not in library,Several Got Away,,Core artist. College chart crossover.,,,,Dinosaur Jr.,yes,2026-10-05
x,This Is Lorelei,"=HYPERLINK(""https://music.youtube.com/playlist?list=OLAK5uy_mraVeW-NtP8jrzwcfj-Ppzqjq_Bwyf6rU"",""The Singer in My Band"")","=HYPERLINK(""https://www.matadorrecords.com"",""Matador Records"")",2026-09-11,album,,NACC #12; not in library,Billy Came Back,CLEAN,Core artist. Template: https://docs.google.com/document/d/1o1auc4gQyPiRJOufY69jrMcPr4VuU-rN1In2l7K8S5U/edit,2026-10-04,2026-10-04 (full album),,This Is Lorelei,yes,2026-10-05
x,Sharp Pins,"=HYPERLINK(""https://music.youtube.com/playlist?list=OLAK5uy_lNgh7m8DYwYe2qi8xh1txzMOR5OLBYHJQ"",""Mod Mayday 23"")","=HYPERLINK(""https://krecs.com"",""K Records"")",2026-09-04 (reissue; orig. 2023),album,,NACC #15; not in library,Tonight's The Night,CLEAN (7 unverified),Core artist. Template: https://docs.google.com/document/d/1HaOuZM5BRhwmXqh_vo7ACIXx0FBb2K4gk7OK9DGKUcQ/edit,2026-10-04,2026-10-04 (full album),,Sharp Pins,yes,2026-10-05
,Westside Cowboy,"=HYPERLINK(""https://music.youtube.com/playlist?list=OLAK5uy_lgLMBDKzWbej2X745rksLKnSegPeZFI_o"",""It Goes On"")","=HYPERLINK(""https://www.islandrecords.com"",""Slow Play/Island"")",2026-08-21,album,,NACC #11; not in library,Kick Stones (The Boys),,Review draft already in KZSU-Album-Reviews.,,,,,,2026-10-05
,Hovvdy,"=HYPERLINK(""https://music.youtube.com/playlist?list=OLAK5uy_mkeNJKvgBA6NrTbF1jGA0ubfEa_e-_HJc"",""Big World"")","=HYPERLINK(""https://arts-crafts.ca"",""Arts & Crafts"")",2026-08-14,album,,NACC #32; not in library,Life So Wide,,Single Try Try Try is in the Oct. 8 plan.,,,,Hovvdy,yes,2026-10-05
x,Yard Act,"=HYPERLINK(""https://music.youtube.com/playlist?list=OLAK5uy_mIdB-kicyH5O7qEjumbB9XGj-N_3mbWII"",""You're Gonna Need A Little Music"")","=HYPERLINK(""https://www.republicrecords.com"",""Republic Records"")",2026-07-17,album,,NACC #41; not in library,You're Gonna Need A Little Music,FCCs 1.3.6.7.8.9,Template: https://docs.google.com/document/d/1_xOUtQZyWpPUjGIifaGc9nXae06BaDXNxC71615KkNU/edit,2026-10-04,2026-10-04 (full album),,Yard Act,,2026-10-05
x,Sylvan Esso,"=HYPERLINK(""https://music.youtube.com/playlist?list=OLAK5uy_l8n67qD7i2yG0khS6b2fqq67ROaQfWYa8"",""Ow ∞"")","=HYPERLINK(""https://bandcamp.com/search?q=Psychic%20Hotline&item_type=b"",""Psychic Hotline"")",2026-09-11,album,,NACC #7; not in library,Concrete Glen,FCCs 3.6.8.11,Template: https://docs.google.com/document/d/1zZy9Tg-28T-4jgELv9PUrlsn-A_lXgDZmvyH2jBdcHs/edit,2026-10-04,2026-10-04 (full album),,Sylvan Esso,yes,2026-10-05
,Fontaines D.C.,"=HYPERLINK(""https://music.youtube.com/playlist?list=OLAK5uy_k3gSxmN8gf5yJSOC6XyNGijsyLrdVRiM4"",""Marianne"")","=HYPERLINK(""https://xlrecordings.com"",""XL"")",2026-08-18,single,,NACC #17; not in library,Marianne,,,,,,,,2026-10-05
x,Guided By Voices,"=HYPERLINK(""https://music.youtube.com/playlist?list=OLAK5uy_kbMQT1i4987HgT74bh_NvWfeHUbQkcI98"",""Crawlspace of the Pantheon"")","=HYPERLINK(""https://bandcamp.com/search?q=GBV%20Inc.&item_type=b"",""GBV Inc."")",2026-05-29,album,253.8,staged,Lost in the Sun,CLEAN,Template: https://docs.google.com/document/d/1MRb_scujdmAxXpEKXQLXEc7s-tZdsxcY2fwd7CtwNUM/edit,2026-10-04,2026-10-04 (full album),2026-06-20,Guided By Voices,yes,2026-10-04
,Interpol,"=HYPERLINK(""https://music.youtube.com/playlist?list=OLAK5uy_mdK9V1W7cJ704uBnb76OocTdfYMcoShbY"",""See Out Loud b/w This Mirror Weighs A Ton"")","=HYPERLINK(""https://partisanrecords.com"",""Partisan Records"")",2026-06-09,single,165.5,staged,This Mirror Weighs a Ton,CLEAN,,,,2026-06-19,Interpol,,2026-10-04
,Mitski,"=HYPERLINK(""https://music.youtube.com/playlist?list=OLAK5uy_nTLP9Ue6XBzgUnX_ceYEZtVEu2m_krdlc"",""Nothing's About to Happen to Me"")","=HYPERLINK(""https://deadoceans.com"",""Dead Oceans"")",2026-02-27,album,157.4,A-File add (already reviewed),,,,,,2026-03-30,Mitski,yes,2026-10-04
x,Little Barrie,"=HYPERLINK(""https://music.youtube.com/playlist?list=OLAK5uy_nEtGVpc9D7Z-O7Xkm9imefHPVsi8V--88"",""Gravity Freeze"")","=HYPERLINK(""https://easyeyesound.com"",""Easy Eye Sound"")",2026-05-22,album,155.1,staged,More Bad Miles Of Road,CLEAN (6 unverified),Template: https://docs.google.com/document/d/1myGAWbTOJJC1gYyRlqEcJ0OBcvDi0BWozjcojkvilE4/edit,2026-10-04,2026-10-04 (full album),2026-06-20,Little Barrie,yes,2026-10-04
,Yard Act,"=HYPERLINK(""https://music.youtube.com/playlist?list=OLAK5uy_lRMD_050gzM4ZEZv4TnttHQdIPAtC57EI"",""Redeemer"")","=HYPERLINK(""https://www.republicrecords.com"",""Republic"")",2026-05-07,single,152.0,staged,Redeemer,FCC fuck x1 shit x2,,,,2026-06-20,Yard Act,,2026-10-04
x,Dread Spectre Council,"=HYPERLINK(""https://music.youtube.com/playlist?list=OLAK5uy_lpw0c6MF8DqLjsdkFLh3fo8JyiszMmYic"",""Thetans"")","=HYPERLINK(""https://handmaderecs.bandcamp.com"",""Handmade Records"")",2026-03-29,album,128.0,staged,Hex's Up,UNVERIFIED (all),Template: https://docs.google.com/document/d/1QI92WK7LL15J7xBmXRKunRo8Z7cXa5A3EFvMMGp_dlo/edit,2026-10-04,2026-10-04 (full album),2026-05-06,Dread Spectre Council,yes,2026-10-04
x,Little Barrie,"=HYPERLINK(""https://music.youtube.com/playlist?list=OLAK5uy_n5EZ-6cMal35m9pgs1Aymr8gWwPVW4dC4"",""Luggin' Hurt"")","=HYPERLINK(""https://easyeyesound.com"",""Easy Eye Sound"")",2026-04-23 (verify),single,125.1,staged,,UNVERIFIED,Template: https://docs.google.com/document/d/1_9PgEkU6UDIcFy8M69CP85smBsuvzMwITEp22Nj7WrQ/edit,2026-10-09,2026-10-09 (single),2026-05-06,Little Barrie,,2026-10-04
,Widowspeak,"=HYPERLINK(""https://music.youtube.com/playlist?list=OLAK5uy_nILFwjwCSQrHNzMIsIp3q3QQ8ADXc3mww"",""Roses"")","=HYPERLINK(""https://capturedtracks.com"",""Captured Tracks"")",2026-06-05,album,118.3,staged,,,,,,2026-06-19,Widowspeak,,2026-10-04
x,Sluice,"=HYPERLINK(""https://music.youtube.com/playlist?list=OLAK5uy_nTldr4q-VbaBwpj-0Op0b-WCrHUBcaK-o"",""Companion"")","=HYPERLINK(""https://bandcamp.com/search?q=Mtn%20Laurel%20Recording%20Co.&item_type=b"",""Mtn Laurel Recording Co."")",2026-03-27,album,112.9,staged,Beadie,FCCs 3.4.6.10,Template: https://docs.google.com/document/d/15UOGddOzcdXMiRaMbeYkPk4KdrC8Cza47o5XogoKEHk/edit,2026-10-04,2026-10-04 (full album),2026-03-30,Sluice,yes,2026-10-04
,Sylvan Esso,"=HYPERLINK(""https://music.youtube.com/playlist?list=OLAK5uy_l2JTa_CGXQRSUXhVFbTxrDZZBg9MTvnRk"",""Hot Slob"")","=HYPERLINK(""https://bandcamp.com/search?q=Psychic%20Hotline&item_type=b"",""Psychic Hotline"")",2026-06-10,single,110.1,staged,Hot Slob,FCC fuck x3,,,,2026-06-19,Sylvan Esso,yes,2026-10-04
,The New Pornographers,"=HYPERLINK(""https://music.youtube.com/playlist?list=OLAK5uy_knHzur0HcDFk7DH7DNqyIegAJ0fcYgC60"",""Votive"")","=HYPERLINK(""https://www.mergerecords.com"",""Merge Records"")",2026-01-21,single,88.3,staged,Votive,CLEAN,,,,2026-02-09,,,2026-10-04
,The New Pornographers,"=HYPERLINK(""https://music.youtube.com/playlist?list=OLAK5uy_nJACNLRBsCGPsw4Su0wL3hQy2K8GHoo_U"",""The Former Site Of"")","=HYPERLINK(""https://www.mergerecords.com"",""Merge Records"")",2026-03-27,album,88.3,A-File add (already reviewed),,,,,,2026-04-10,,,2026-10-04
,Other Lives,"=HYPERLINK(""https://music.youtube.com/playlist?list=OLAK5uy_kfTDWEdc38YJ22xnRgboNiihAmChem2ro"",""Sheerar Sessions"")","=HYPERLINK(""https://www.playitagainsam.net"",""Play It Again Sam"")",2026-05-22,album,81.0,staged,,,,,,2026-06-20,,,2026-10-04
,Annabelle Chairlegs,"=HYPERLINK(""https://music.youtube.com/playlist?list=OLAK5uy_mzmVUk6QISpaG9tguf5-GlvKNBdULSPj0"",""Waking Up"")","=HYPERLINK(""https://bandcamp.com/search?q=Annabelle%20Chairlegs&item_type=b"",""label TBD"")",2026-01-30,album,75.6,staged,,,,,,2026-02-09,Annabelle Chairlegs,,2026-10-04
,Iceage,"=HYPERLINK(""https://music.youtube.com/playlist?list=OLAK5uy_nHAuoOPJTLEULwYg_DQ12FOBPWv_jj5mM"",""For Love of Grace & the Hereafter"")","=HYPERLINK(""https://mexicansummer.com"",""Mexican Summer"")",2026-05-29,album,73.5,staged,,,,,,2026-06-19,Iceage,,2026-10-04
,Eric McEntee,"=HYPERLINK(""https://music.youtube.com/playlist?list=OLAK5uy_mzUjrYKbb5y8KR9J9R-f54y7YlgbQHkjY"",""I'm Not Bothered By The Rain"")","=HYPERLINK(""https://bandcamp.com/search?q=Pacific%20Union&item_type=b"",""Pacific Union"")",2024-02-23 (verify),single,72.0,staged,,,,,,2026-02-27,,,2026-10-04
,HUGERNAUT,"=HYPERLINK(""https://music.youtube.com/playlist?list=OLAK5uy_kZv2Hwr8YzGDqAE12gqdED6n-SAZsNjwU"",""Circulator"")","=HYPERLINK(""https://bandcamp.com/search?q=Azzliff%20Records&item_type=b"",""Azzliff Records"")",2026-03-02 (verify),album,72.0,staged,,,,,,2026-03-30,,,2026-10-04
,Kill Chicago,"=HYPERLINK(""https://music.youtube.com/playlist?list=OLAK5uy_m2BqoNJ4xK20KK3urN_8cGiARyR40lju0"",""The Next"")","=HYPERLINK(""https://bandcamp.com/search?q=Kill%20Chicago&item_type=b"",""Self-Released"")",2026-06-02 (verify),album,72.0,staged,,,,,,2026-06-19,,,2026-10-04
,Twin Peaks,"=HYPERLINK(""https://music.youtube.com/playlist?list=OLAK5uy_lECjofHrmhok1uSTZVKv9XvtgC-Bep_a8"",""Down In Heaven (10th Anniversary Edition)"")","=HYPERLINK(""https://grandjurymusic.com"",""Grand Jury"")",2026-05-22 (verify),album,72.0,staged,,,,,,2026-06-19,,,2026-10-04
,Sunglaciers,"=HYPERLINK(""https://music.youtube.com/playlist?list=OLAK5uy_mlQLeOfCKOFU09JWjsi94JbViM8rxuFXE"",""Spiritual Content"")","=HYPERLINK(""https://www.mothland.com"",""Mothland"")",2026-03-27,album,70.6,staged,,,,,,2026-03-30,,,2026-10-04
,Cigarettes After Sex,"=HYPERLINK(""https://music.youtube.com/watch?v=UrSKhNkbsM8"",""Twizzler"")","=HYPERLINK(""https://partisanrecords.com"",""Partisan Records"")",2026-05-19 (verify),single,66.1,staged,Twizzler,CLEAN,,,,2026-06-20,Cigarettes After Sex,,2026-10-04
,Richie Owens,"=HYPERLINK(""https://music.youtube.com/playlist?list=OLAK5uy_kbAcfJJw3VOh0Lb3qZKnBGqRb_qAL-ayU"",""Redemption"")","=HYPERLINK(""https://bandcamp.com/search?q=Owepar%20Records&item_type=b"",""Owepar Records"")",2025-10-10 (verify),album,63.5,staged,,,,,,2026-02-27,,,2026-10-04
,Juliana Hatfield,"=HYPERLINK(""https://music.youtube.com/playlist?list=OLAK5uy_kqu9hvKRVJPp0CqA2LutzGLf3Ct-HYMFU"",""Lightning Might Strike"")","=HYPERLINK(""https://bandcamp.com/search?q=American%20Laundromat%20Records&item_type=b"",""American Laundromat Records"")",2025-12-12,album,61.8,staged,,,,,,2026-01-17,Juliana Hatfield,,2026-10-04
,Brother Wallace,"=HYPERLINK(""https://music.youtube.com/playlist?list=OLAK5uy_l7wLkvSHLLbR_XQRyWfw0qG8BHhRueCnE"",""Electric Love"")","=HYPERLINK(""https://www.atorecords.com"",""ATO"")",2026-05-08,album,61.8,staged,,,,,,2026-06-20,,,2026-10-04
,GALVEZTON,"=HYPERLINK(""https://music.youtube.com/search?q=GALVEZTON%20Ocean%20Cabaret"",""Ocean Cabaret"")","=HYPERLINK(""https://bandcamp.com/search?q=La%20Izquierda&item_type=b"",""La Izquierda"")",2026-04-03,album,61.0,staged,,,,,,2026-04-10,,,2026-10-04
,Population II,"=HYPERLINK(""https://music.youtube.com/playlist?list=OLAK5uy_m5szVaoAyXHGRaNnLUZh94JYG5SJjOHZg"",""Gimmicks"")","=HYPERLINK(""https://www.bonsound.com"",""Bonsound"")",2026-04-03,EP,60.0,staged,,,,,,2026-04-10,,,2026-10-04
,Ben Auld,"=HYPERLINK(""https://music.youtube.com/playlist?list=OLAK5uy_lNmh_KkITR_pFY6rytgkR3_rcAQmBHWKg"",""Loserdom"")","=HYPERLINK(""https://bandcamp.com/search?q=Repeating%20Cloud&item_type=b"",""Repeating Cloud"")",2026-04-01 (verify),album,59.0,staged,,,,,,2026-06-19,,,2026-10-04
,Temporary Blessings,"=HYPERLINK(""https://music.youtube.com/playlist?list=OLAK5uy_kThSlmCpcDPvyyy0w2grcVIdot4IPgHzQ"",""Sumbisori"")","=HYPERLINK(""https://collegeofknowledgerecords.kudosrecords.co.uk"",""College of Knowledge"")",2025-12-05 (verify),album,58.7,staged,,,,,,2026-01-17,,,2026-10-04
,Hovvdy,"=HYPERLINK(""https://music.youtube.com/watch?v=PS4WMDhV2As"",""Try Try Try"")","=HYPERLINK(""https://arts-crafts.ca"",""Arts & Crafts"")",2026-05-13,single,57.3,staged,Try Try Try,CLEAN,,,,2026-06-20,Hovvdy,,2026-10-04
,KNEECAP,"=HYPERLINK(""https://music.youtube.com/playlist?list=OLAK5uy_nrKERo_Um4HVq1HFxqKuNRYi0rXJv7YYo"",""FENIAN"")","=HYPERLINK(""https://www.pias.com"",""[PIAS]"")",2026-05-01,album,56.1,staged,,,,,,2026-06-20,,,2026-10-04
,Nora Kelly Band,"=HYPERLINK(""https://music.youtube.com/playlist?list=OLAK5uy_kh4D6Gvg8URyau1kHTq9U4pxMTris6tQE"",""So Wrong For So Long"")","=HYPERLINK(""https://mintrecs.com"",""Mint Records"")",2026-05-22 (verify),album,52.2,staged,,,,,,2026-06-20,,,2026-10-04
,Brother Wallace,"=HYPERLINK(""https://music.youtube.com/playlist?list=OLAK5uy_l6CQS29eeLiiE9yK0FGvITALbuqfg7W4k"",""Gone With The Wind"")","=HYPERLINK(""https://www.atorecords.com"",""ATO"")",2026-02-24,single,51.8,staged,,,,,,2026-02-27,,,2026-10-04
,Brother Wallace,"=HYPERLINK(""https://music.youtube.com/playlist?list=OLAK5uy_nt3btrWD8NElxgB3HIW8N0TpgWXQPRQ8Q"",""Who Do You Love?"")","=HYPERLINK(""https://www.atorecords.com"",""ATO"")",2026-03-31 (verify),single,51.8,staged,,,,,,2026-04-10,,,2026-10-04
,Chinese American Bear,"=HYPERLINK(""https://music.youtube.com/watch?v=wFPSEMLWGJs"",""Dim Sum and Then Some"")","=HYPERLINK(""https://www.moshimoshimusic.com"",""Moshi Moshi"")",2026-05-08,album,50.8,staged,,,,,,2026-06-20,,,2026-10-04
,Beth Orton,"=HYPERLINK(""https://music.youtube.com/playlist?list=OLAK5uy_ldNQ-76iiuHOzDJOTZp6VE_0XMcITWSiQ"",""Waiting"")","=HYPERLINK(""https://partisanrecords.com"",""Partisan Records"")",2026-04-20,single,50.5,staged,Waiting,CLEAN,,,,2026-05-06,Beth Orton,,2026-10-04
,The Naked Sun,"=HYPERLINK(""https://music.youtube.com/playlist?list=OLAK5uy_kCN9-UNeVTOo6KCCPpCiICkwO4VRQ1qgU"",""Mirror in The Hallway"")","=HYPERLINK(""https://bandcamp.com/search?q=Mothland&item_type=b"",""Mothland (verify)"")",2026-01-30,album,49.5,staged,,,,,,2026-06-20,,,2026-10-04
,Las Cruxes,"=HYPERLINK(""https://music.youtube.com/playlist?list=OLAK5uy_nwaJgfCIcl48KbZnGsQDRtrxXkpIPGSnU"",""Las Cruxes"")","=HYPERLINK(""https://www.millionstarsrecords.com"",""Million Stars"")",2026-04-24,album,48.2,staged,,,,,,2026-05-06,,,2026-10-04
,Ritt Momney,"=HYPERLINK(""https://music.youtube.com/playlist?list=OLAK5uy_kwG2iBe8j8QWn206l-uxJN1QRRNQtp8vA"",""BASE"")","=HYPERLINK(""https://bandcamp.com/search?q=Ritt%20Momney&item_type=b"",""Self-released"")",2026-02-27,album,47.2,staged,,,,,,2026-02-27,,,2026-10-04
,José González,"=HYPERLINK(""https://music.youtube.com/playlist?list=OLAK5uy_nw_09jsPL1CLXq-nmYVOMhUja7lxNPenk"",""Against the Dying of the Light"")","=HYPERLINK(""https://mute.com"",""Mute"")",2026-01-13,single,46.6,staged,,,,,,2026-01-17,,,2026-10-04
,Paper Pools,"=HYPERLINK(""https://music.youtube.com/playlist?list=OLAK5uy_n6wNs2kuXm8qnMdmVWe-xVxKFR6v28kJM"",""Everything"")","=HYPERLINK(""https://bandcamp.com/search?q=Paper%20Pools&item_type=b"",""Self-released"")",2026-05-29,album,46.4,staged,,,,,,2026-06-20,,,2026-10-04
x,Teenage Fanclub,"=HYPERLINK(""https://music.youtube.com/playlist?list=OLAK5uy_mkE-3ESibEqZ4GH0-3Ql-syKeH8e5htuM"",""Do Not Dare To Dream"")","=HYPERLINK(""https://www.mergerecords.com"",""Merge Records"")",2026-10-09,album,,new release (Tuesday sweep Oct. 4); not in library,Be With You Tonight,CLEAN,"Triple Shot artist Oct. 8. There Was You, Be With You Tonight and Tomorrow People in Weekly. Day In The Sun aired Oct. 8 and left Weekly. Template: https://docs.google.com/document/d/1s66tbge4KzWv79WSKvD4trscDBY4ArWhEoxA16n_qHA/edit",2026-10-09,2026-10-09 (full album),,Teenage Fanclub,yes,2026-10-04
,Imperial Teen,"=HYPERLINK(""https://music.youtube.com/playlist?list=OLAK5uy_l6R0ClJ8UeFJtUwL8uJas6QUtlMphjfu0"",""All Over You"")","=HYPERLINK(""https://www.mergerecords.com"",""Merge Records"")",2026-10-09,album,,new release (Tuesday sweep Oct. 4); not in library,Overdrive,CLEAN,"Seventh album, first since 2019. Bottom of the Hill, S.F., Oct. 15 (sold out). All Over You (title track) added to Weekly.",,,,Imperial Teen,,2026-10-04
,Jess Williamson,"=HYPERLINK(""https://music.youtube.com/playlist?list=OLAK5uy_nILF1-TE2BunGNlWBfD-tAsrkUOc_uomc"",""A Mile South of Heaven"")","=HYPERLINK(""https://www.newwestrecords.com"",""New West Records"")",2026-10-09 (verify),album,,new release (Tuesday sweep Oct. 4); not in library,Goodbye to All That,CLEAN,,,,,,,2026-10-04
x,Death Valley Girls,"=HYPERLINK(""https://music.youtube.com/playlist?list=OLAK5uy_kS8rEAqJXH_McdAgn1cbuKiItpaA54Yis"",""Welcome to Earth"")","=HYPERLINK(""https://suicidesqueeze.net"",""Suicide Squeeze Records"")",2026-10-09 (verify),album,,new release (Tuesday sweep Oct. 4); not in library,Message From the Venus Flower,CLEAN (5 unverified),Basic Witch removed from Weekly Oct. 9 (cool-off to Dec. 8). Welcome to Earth (title track) added to Weekly. Template: https://docs.google.com/document/d/1wgiimd-P-K4Demw-zbjqhFwOo3i8QuA1t7MHhiwUeTg/edit,2026-10-09,2026-10-09 (full album),,Death Valley Girls,,2026-10-04
,Johnny Marr,"=HYPERLINK(""https://music.youtube.com/playlist?list=OLAK5uy_l4MBMV604OggSNvjs03_7Eww-7I9sVBEk"",""The Age of Everything"")","=HYPERLINK(""https://www.bmg.com"",""Bmg"")",2026-10-02,album,,new release (Tuesday sweep Oct. 4); not in library,Spin,CLEAN,Fifth solo album (New Voodoo under license to BMG).,,,,,,2026-10-04
,Greg Freeman,"=HYPERLINK(""https://music.youtube.com/playlist?list=OLAK5uy_lNDE-BGMDd3hWFp-iUPnh_vzjfRTUV2nA"",""All Set The Bone"")","=HYPERLINK(""https://www.transgressiverecords.com"",""Transgressive (not in ZK)"")",2026-10-02 (verify),album,,new release (Tuesday sweep Oct. 4); not in library,Cahokia,FCC: Cahokia (FCC Edit Needed),Indu aired Oct. 1.,,,,Greg Freeman,yes,2026-10-04
x,Stef Chura,"=HYPERLINK(""https://music.youtube.com/playlist?list=OLAK5uy_nuK-r4mWaXMXhf_X2XX_oUArGVPg64sAU"",""Dancing Alone on the Concrete"")","=HYPERLINK(""https://saddle-creek.com"",""Saddle Creek"")",2026-10-02 (verify),album,,new release (Tuesday sweep Oct. 4); not in library,Danny,CLEAN,"Opens for Dinosaur Jr., Oct. 18 and 19. Template: https://docs.google.com/document/d/1dk3ifv-R1W4_7oCQT1ZeJL7NqJ3ppImgL6oR0wNrkJ8/edit",2026-10-09,2026-10-09 (full album),,Stef Chura,,2026-10-04
,Wishy,"=HYPERLINK(""https://music.youtube.com/playlist?list=OLAK5uy_nLBGVn11u_I6Oa7UAyGwk11mNnV3jjHIg"",""Nature's Pill"")","=HYPERLINK(""https://winspear.biz"",""Winspear"")",2026-10-02 (verify),album,,new release (Tuesday sweep Oct. 4); not in library,Lovesick,CLEAN,,,,,,,2026-10-04
,Protomartyr,"=HYPERLINK(""https://music.youtube.com/playlist?list=OLAK5uy_muldq01GdCHZ0wCslD8Nbm3IWv4riLSG0"",""Hotel Usona"")","=HYPERLINK(""https://www.dominomusic.com"",""Domino"")",2026-09-25 (verify),album,,new release (Tuesday sweep Oct. 4); not in library,Sounds We Cannot Hear,CLEAN,,,,,,,2026-10-04
,Blondshell,"=HYPERLINK(""https://music.youtube.com/playlist?list=OLAK5uy_mHDG2fHDjpfFqKqiOnnBIDwups7fREWOU"",""Violins"")","=HYPERLINK(""https://partisanrecords.com"",""Partisan Records"")",2026-09-25,album,,new release (Tuesday sweep Oct. 4); not in library,Heart Has To Work So Hard,CLEAN,Third album.,,,,,,2026-10-04
,Julia Jacklin,"=HYPERLINK(""https://music.youtube.com/playlist?list=OLAK5uy_mTMF1ODzR_tzSpTuaD88LSkJcEqyMlmTM"",""The Gem"")","=HYPERLINK(""https://4ad.com"",""4AD"")",2026-09-25 (verify),album,,new release (Tuesday sweep Oct. 4); not in library,Get Away From Me (I Think I'll Love You Soon),CLEAN,If I Had The Hand Of God aired.,,,,Julia Jacklin,yes,2026-10-04
,Renny Conti,"=HYPERLINK(""https://music.youtube.com/playlist?list=OLAK5uy_mpumMfUJFiluxXH2JCdo8ShlSWM_VlsJo"",""Split Second"")","=HYPERLINK(""https://www.momandpopmusic.com"",""Mom + Pop"")",2026-09-25 (verify),album,,new release (Tuesday sweep Oct. 4); not in library,Mona Lisa,CLEAN,"San Francisco, 2005 aired.",,,,Renny Conti,yes,2026-10-04
,Courtney Barnett,"=HYPERLINK(""https://music.youtube.com/search?q=Courtney+Barnett+Creature+of+Habit"",""Creature of Habit"")","=HYPERLINK(""https://www.momandpopmusic.com"",""Mom + Pop"")",2026-03-27,album,,new release (Tuesday sweep Oct. 4); not in library,One Thing At A Time,CLEAN,Stace added One Thing At A Time to the Oct. 8 Air Order.,,,,Courtney Barnett,yes,2026-10-04
